id,descriptions,rightanswer,A,B,C,D,wrong_count
1,中国特色社会主义进入新时代，意味着近代以来久经磨难的中华民族迎来了从站起来、富起来到强起来的伟大飞跃。,A,正确,错误,,,0
2,新时代是我们理解当前所处历史方位的关键词。,A,正确,错误,,,0
3,党的十八大以来，在奋进新时代的伟大实践中，以习近平同志为核心的党中央团结带领全国各族人民，完成了（）的历史任务，实现了第一个百年奋斗目标，成功推进和拓展了中国式现代化。,A,全面建成小康社会,全面建成现代化国家,彻底实现共同富裕,实现共产主义,0
4,中国梦是国家的、民族的，与个人利益、个人贡献并无本质性的关联。,B,正确,错误,,,0
5,在习近平新时代中国特色社会主义思想的指引下，实现中华民族伟大复兴进入了不可逆转的历史进程。,A,正确,错误,,,0
6,新时代十年来，我们经历的对党和人民事业具有重大现实意义和深远历史意义的三件大事不包括（）。,D,迎来中国共产党成立一百周年,中国特色社会主义进入新时代,完成脱贫攻坚、全面建成小康社会的历史任务，实现第一个百年奋斗目标,建成了富强民主文明和谐美丽的社会主义现代化国家,0
7,作为实现民族复兴的先锋力量，青年不懈追求的梦想始终与振兴中华的责任担当紧密相连。,A,正确,错误,,,0
8,青年一代有理想、有本领、有担当，国家就有前途，民族就有希望。,A,正确,错误,,,0
9,崇高的理想信念是人生和事业的灯塔，决定我们的方向和立场，也决定我们的精神状态和实际行动。,A,正确,错误,,,0
10,我们要建成的社会主义现代化强国，不仅要在物质上强，更要在精神上强。,A,正确,错误,,,0
11,中国特色社会主义进入新时代，勤劳勇敢的中国人民更加自信自尊自强。,A,正确,错误,,,0
12,大学生在面对外部诱惑时要（）。,A,保持定力、严守规矩,人云亦云、盲目跟风,投机取巧、自作聪明,趋之若鹜、曲意迎合,0
13,大学生应把（）作为首要任务。,C,赚钱,成婚,学习,消费,0
14,大学生的担当精神体现为（）。,ABCD,奉献祖国,服务人民,尽心尽力,勇于担责,0
15,人的本质是一切社会关系的总和。,A,正确,错误,,,0
16,思想道德和法律都是上层建筑的重要组成部分，共同服务于一定的经济基础。,A,正确,错误,,,0
17,“思想道德与法治”是一门融思想性、（）于一体的思想政治理论课。,ABCD,政治性,科学性,理论性,实践性,0
18,大学阶段，是人生发展的重要时期，是世界观、人生观、价值观形成的关键时期。,A,正确,错误,,,0
19,中国特色社会主义进入新时代，意味着（）在21世纪的中国焕发出强大生机活力，在世界上高高举起了中国特色社会主义伟大旗帜。,B,空想主义,科学社会主义,自由主义,实用主义,0
20,大学生素质和本领的强弱，直接影响着民族复兴的进程。,A,正确,错误,,,0
21,大学生要立足优秀传统，面向时代前沿，努力成为（）的优秀人才。,ABCD,兼收并蓄,融会贯通,本领高强,全面发展,0
22,大学生要下苦功夫、求真学问、练真本领，通过学习知识，掌握事物发展规律，丰富学识，增长见识，更好为国争光、为民造福。以下做法正确的有（）。,ABCD,既打牢扎实基础，又及时更新知识,既刻苦钻研理论，又积极掌握技能,既向书本学，又向实践学、向群众学,既立足优秀传统，又面向时代前沿,0
23,我们越是接近中华民族伟大复兴，越是需要付出更为艰巨、更为艰苦的努力。,A,正确,错误,,,0
24,大学生要自觉树立（），把个人的前途命运与国家、民族的前途命运紧紧地联系在一起，在尽责集体、服务社会、奉献国家中实现人生理想和人生价值。,ABC,国家意识,民族意识,责任意识,利己意识,0
25,当代大学生要立志做（）的新时代好青年，让青春在全面建设社会主义现代化国家的火热实践中绽放绚丽之花。,ABCD,有理想,敢担当,能吃苦,肯奋斗,0
26,思想道德素质是人们的（）和行为习惯的综合素质的体现。,ABCD,思想观念,政治立场,价值取向,道德情操,0
27,大学阶段要处理好（）关系。,ABCD,个人与集体,竞争与合作,学习与工作,权力与义务,0
28,法治素养是指人们在学习法律知识、（）的品质和能力。,ABCD,理解法律本质,运用法治思维,依法维护权力,依法履行义务,0
29,在我国，社会主义思想道德建设和法治建设紧密联系，相互补充、相互促进，为党和国家事业提供坚实的思想基础、精神支撑和制度保障。,A,正确,错误,,,0
30,是否具备良好的思想道德素质和法治素养，是一个人能否被社会接纳并更好实现自身价值和社会价值的关键。,A,正确,错误,,,0
31,没有崇高的理想信念，就会导致精神上的“软骨病”。,A,正确,错误,,,0
32,法律必须转化为人们内心自觉，才能真正为人们所遵行。,A,正确,错误,,,0
33,良好的思想道德素质和法治素养，是新时代大学生把握发展机遇、做好人生规划、书写时代华章的必备条件，需要在学习中养成、自律中锤炼、实践中升华。,A,正确,错误,,,0
34,今天，我们比历史上任何时期都更接近、更有信心和能力实现中华民族伟大复兴的目标，同时必须准备付出更为艰巨、更为艰苦的努力。,A,正确,错误,,,0
35,大学生要有作为中华儿女的骄傲和自豪，要不断增强做中国人的（）。,ABD,志气,骨气,意气,底气,0
36,学习就必须求真学问，求真理、悟道理、明事理，不能满足于碎片化的信息、快餐化的知识。,A,正确,错误,,,0
37,（）就是人们关于人生目的、人生态度、人生价值等问题的总观点和总看法。,A,人生观,世界观,价值观,历史观,0
38,人的本质属性是（）。,B,自然属性,社会属性,精神属性,文化属性,0
39,马克思运用辩证唯物主义和历史唯物主义的立场、观点、方法，揭开了人的本质之谜。,A,正确,错误,,,0
40,自然属性和社会属性组成人的本质属性。,B,正确,错误,,,0
41,关于个人与社会的关系，以下表述不正确的是（）。,C,个人与社会对立统一，相互依存、相互制约、相互促进,个人与社会的关系中最根本的是个人利益与社会利益的关系,个人与社会相互独立，个人脱离社会也能生活下去,人的社会性决定了人只有在推动社会进步的过程中，才能实现自我的发展,0
42,（）决定人生道路的方向，也决定人们行为选择的价值取向和用什么方式对待实际生活。,A,人生观,人生问题,人生经验,人生教训,0
43,（）是人们在社会实践中关于自身行为的根本指向和人生追求。,B,人生经验,人生目的,人生道路,人生教训,0
44,人生目的是对（）这一人生根本问题的认识和回答。,A,人为什么活着,人应当如何活着,什么样的人生才有价值,人应该怎样对待生活,0
45,（）是人生观的核心，在人生实践中具有重要作用。,C,人生价值,人生态度,人生目的,人生道路,0
46,人生目的在人生实践中具有重要作用，具体指的是（）。,ACD,人生目的决定人生道路,人生目的决定人生成就,人生目的决定人生态度,人生目的决定人生价值选择,0
47,（）是指人们通过生活实践形成的对人生问题的一种相对稳定的心理倾向和精神状态。,A,人生态度,人生目的,人生价值,人生理想,0
48,以下表述中，属于乐观向上的人生态度的是（）。,D,看破红尘,当一天和尚撞一天钟,及时行乐,珍惜韶华、只争朝夕,0
49,一个人有什么样的人生观就会有什么样的人生态度，人生态度主要回答的问题是（）。,D,人为什么活着,世界的本原是什么,什么样的人生才有意义,人应当如何活着,0
50,（）是指人的生命及其实践活动对于社会和个人所具有的作用和意义。,C,人生目的,人生态度,人生价值,人生理想,0
51,人生的自我价值主要表现为对自身物质和精神需要的满足程度。,A,正确,错误,,,0
52,人生价值内在地包含了人生的自我价值和社会价值两个方面，人生的自我价值是（）。,B,社会对个人的尊重和满足,个体的人生活动对自己的生存和发展所具有的价值,国家对个人的积极评价,个人通过劳动、创造为社会和人民所做的贡献,0
53,关于人生观和世界观的关系，下列表述中不正确的是（）。,C,世界观决定人生观，有什么样的世界观，就有什么样的人生观,树立正确的人生观离不开马克思主义科学世界观的指导,世界观是人生观的重要组成部分,人生观对世界观的巩固、发展和变化起着重要作用,0
54,对人生意义的正确理解，需要建立在对世界发展规律正确认识的基础之上。,A,正确,错误,,,0
55,一个人树立什么样的价值观，会直接影响他对人生目的、人生意义等问题的思考，左右他对人生道路的选择，影响他的人生态度。,A,正确,错误,,,0
56,大学生只有把自己的人生追求同社会的发展进步紧密结合起来，在为社会作贡献的过程中成长进步，才能实现自己的人生价值。,A,正确,错误,,,0
57,人的家庭关系、地缘关系、经济关系、政治关系、法律关系等社会关系的总和决定了（）。,D,人生愿望,人生态度,人生价值,人的本质,0
58,社会是由一个个具体的人组成的，离开了人就没有社会。,A,正确,错误,,,0
59,个人与社会的关系，最根本的是个人利益与社会利益的关系。,A,正确,错误,,,0
60,在所有社会形态中，个人利益与社会利益在根本上都是一致的。,B,正确,错误,,,0
61,社会需要是个人需要的集中体现，是社会全体成员带有（）需要的反映。,ABC,根本性,全局性,长远性,暂时性,0
62,社会利益就是所有社会成员的利益的简单相加。,B,正确,错误,,,0
63,人的（）决定了人只有在推动社会进步的过程中，才能实现自我的发展。,B,个人属性,社会性,人生态度,价值观,0
64,人生观的主要内容不包括（）。,D,人生目的,人生态度,人生价值,人生幻想,0
65,人生观决定世界观，有什么样的世界观，就会有什么样的人生观。,B,正确,错误,,,0
66,在人的社会关系中，诸如家庭关系、地缘关系、业缘关系属于社会关系，而经济关系、道德关系和法律关系不属于社会关系范畴。,B,正确,错误,,,0
67,世界观决定人生观，有什么样的世界观，就会有什么样的人生观。,A,正确,错误,,,0
68,树立正确的人生观，思考人生为了什么、该如何对待人生、怎样的人生才有意义等问题，离不开（）科学世界观的指导。,B,实用主义,马克思主义,功利主义,资本主义,0
69,（）规定了人生活动的方向，对人们所从事的具体活动起着定向的作用。,C,人生态度,人生价值,人生目的,人生理想,0
70,《鲁滨逊漂流记》中的鲁滨逊在孤岛上脱离社会也能生活下去的故事，说明了社会性不是人的本质属性。,B,正确,错误,,,0
71,任何人都是处在一定的社会关系中从事社会实践活动的人，都从属于一定的社会群体，都同周围的人发生各种各样的社会关系。,A,正确,错误,,,0
72,关于人的本质，下列说法中正确的是（）。,D,人的本质就是人的自然属性,人的本质是自由,人的本质是自私,人的本质是一切社会关系的总和,0
73,“人的本质不是单个人所固有的抽象物，在其现实性上，它是一切社会关系的总和。”这一论断表明（）。,B,自然属性是人的本质属性,社会属性是人的本质属性,自然属性和社会属性都不是人的本质属性,自然属性和社会属性都是人的本质属性,0
74,社会成员素质的不断提高是社会发展的重要基础，推动和实现（）是社会发展的根本目标。,B,经济发展,人的全面发展,社会和谐,全面小康,0
75,社会利益体现了作为社会成员的个人的（），是个人利益得以实现的前提和基础，同时它也保障着个人利益的实现。,AD,根本利益,既得利益,短期利益,长远利益,0
76,对人的认识，核心在于认识（）。,C,人的属性,人生目的,人的本质,人生态度,0
77,人只有为同时代人的完美、为他们的幸福而工作，自己才能达到完美。,A,正确,错误,,,0
78,个体的物质和精神的需要必须在社会中才能得到满足，以怎样的方式和在多大程度上得到满足也是由社会决定的。,A,正确,错误,,,0
79,人民群众是社会历史的主体，是社会物质财富和精神财富的创造者，是社会变革的决定力量。,A,正确,错误,,,0
80,（）的思想以其科学而高尚的品质，代表了人类社会迄今最先进的人生追求。,B,为小群体服务,服务人民、奉献社会,为少数统治者服务,为个人和家庭服务,0
81,服务人民、奉献社会一定会损失个人利益。,B,正确,错误,,,0
82,走好人生之路，需要大学生正确认识、处理生活中各种各样的困难和问题，保持（）的人生态度。,ABC,认真务实,乐观向上,积极进取,尽情享受,0
83,大学生只有把自己的人生目的与（）联系在一起时，才能自觉自愿地把自己的一生奉献于利国利民的事业。,ABC,国家前途,民族命运,人民幸福,物质享受,0
84,客观、公正地评价社会成员人生价值的大小，需要掌握恰当的评价方法，恰当的评价方法包括（）。,BCD,看从事何种劳动,既要看贡献的大小，也要看尽力的程度,既要尊重物质贡献，也要尊重精神贡献,既要注重社会贡献，也要注重自身完善,0
85,以下关于人生价值的理解，不正确的是（）。,AD,人生的自我价值决定社会价值,人生价值包括自我价值和社会价值两个方面,人生价值是人的生命及其实践活动对于社会和个人所具有的作用和意义,人生价值主要表现为对自身的物质和精神需要的满足程度,0
86,人生价值是在社会实践中实现的，人的创造力的形成、发展和发挥都要依赖于一定的社会客观条件。,A,正确,错误,,,0
87,一个人的（），但只有自觉把个人之小我融入社会之大我，才能够在推动社会进步中创造不朽的业绩。,ABC,能力有大小,职业有不同,职位有高低,生命价值有不同,0
88,评价人生价值，只需要看一个人对社会作出的物质贡献。,B,正确,错误,,,0
89,马克思主义认为，高尚的人生目的总是与（）联系在一起。,B,放纵人生,奋斗奉献,虚度光阴,无所畏惧,0
90,新时代大学生要把（）作为人生的最高追求，在服务人民、奉献社会中收获成长和进步。,C,追求金钱至上,好好享受青春,为国家和人民事业无私奉献,努力当上大官,0
91,一个人确立了服务人民、奉献社会的人生追求，才能以正确的人生态度对待人生、解决实际生活中的各种问题。,A,正确,错误,,,0
92,没有积极进取的人生态度，再崇高的人生追求也难以真正实现。,A,正确,错误,,,0
93,大学生要学会对自己负责，对亲人负责，对周围的人和更多的人负责，进而对民族、国家、社会负责，做一个有担当、负责任的人。,A,正确,错误,,,0
94,只有热爱生活的人，才能真正拥有生活。,A,正确,错误,,,0
95,人生旅途中，许多事情不会总是尽如人意、一切顺遂，面对失望和暂时的困难、挫折，大学生要（）。,ABC,始终保持乐观向上的人生态度,在生活实践中不断调整心态，磨炼意志,相信生活是美好的，前途是光明的,消极悲观、自暴自弃,0
96,以不思进取、不想努力的消极态度面对人生难题，可能会带来一时安逸，但无助于个人发展、无益于社会进步。,A,正确,错误,,,0
97,对（）及其相关问题的正确认识，是人们自觉朝着选定的目标努力前行，创造有价值的人生的重要前提。,C,人生目的,人生态度,人生价值,人生经历,0
98,能力大的人，人生价值就大；能力小的人，人生价值就小。,B,正确,错误,,,0
99,人生的（）是实现人生自我价值的基础。,B,职业价值,社会价值,生活价值,理想价值,0
100,大学生因为自身社会经验偏少、知识储备不够等原因，容易把对自身条件的主观想象当作“真实”的存在，导致价值选择、行为倾向出现偏差。,A,正确,错误,,,0
101,关于人生价值的实现条件，理解不正确的是（）。,D,实现人生价值要从社会客观条件出发,实现人生价值要从个体自身条件出发,实现人生价值要充分发挥主观能动性,只需要个人奋斗，不需要他人和社会的支持,0
102,个人的主观努力，在相当大的程度上决定着人生价值实现的程度。,A,正确,错误,,,0
103,大学生要通过各种方式和途径，增长才干、增强本领，提高自身各方面的能力，为实现人生价值做好充分准备，奠定扎实的基础。,A,正确,错误,,,0
104,一个人确立了服务人民、奉献社会的人生追求，才能掌握正确的人生价值标准，才能懂得人生的价值首先在于奉献。,A,正确,错误,,,0
105,适应历史发展的趋势，以（）的态度迎接人生的各种挑战，才能不断领悟美好人生的真谛，体验生活的快乐和幸福。,B,消极悲观,开拓进取,贪图安逸,满足现状,0
106,评价人生价值的根本尺度，是看一个人的实践活动是否符合社会发展的客观规律，是否促进了历史的进步。,A,正确,错误,,,0
107,考察一个人的人生价值，主要看他对社会贡献的大小，不用考虑他所对应的职责及尽力的程度。,B,正确,错误,,,0
108,如何认识和对待人生发展过程中的得与失这对矛盾，对一个人走好人生之路、实现人生价值有重要影响，以下关于得失观的表述中，不正确的是（）。,C,不要过于看重一时的“得”,不要惧怕或斤斤计较一时的“失”,坚决不能吃亏,要跳出对个人得失的计较,0
109,苦与乐既对立又统一，在一定条件下还可以相互转化。以下各项对于苦乐观的理解不正确的是（）。,C,“宝剑锋从磨砺出，梅花香自苦寒来”,“不经历风雨怎能见彩虹”,“今朝有酒今朝醉”,“红军不怕远征难，万水千山只等闲”,0
110,在成长过程中，同学们要准确把握苦与乐的辩证关系，继承和发扬吃苦耐劳、自力更生、艰苦奋斗的精神。,A,正确,错误,,,0
111,在逆境中奋斗，会有顺境中难以得到的获得感和成就感。,A,正确,错误,,,0
112,生与死是贯穿人生始终的一对基本矛盾，以下关于生死观的表述中，不正确的是（）。,D,“杀身成仁”,“舍生取义”,“人固有一死，或重于泰山，或轻于鸿毛”,“好死不如赖活着”,0
113,如何认识、对待生与死，体现了一个人人生境界的高低，更直接影响着他的生活，以下理解中不正确的是（）。,B,生命的历程是一个从生到死的过程，有生必有死，这是恒常不变的自然现象,在人类历史的长河中，个体的生命相对而言是短暂的，要及时行乐,个体生命的长度总是有限的，但为人民服务、为人类进步事业贡献力量是无限的,要牢固树立生命可贵、敬畏生命的意识，倍加爱护自己和他人的生命，理性面对生老病死等自然现象,0
114,中国古人向来注重荣与辱，并通过“知耻”来进行道德评价和判断，以下说法中体现这一思想的有（）。,ACD,“知耻近乎勇”,“塞翁失马，焉知非福”,“无羞恶之心，非人也”,“礼义廉耻，国之四维”,0
115,拜金主义是引发钱权交易、行贿受贿、贪赃枉法等丑恶现象的重要思想根源。,A,正确,错误,,,0
116,关于金钱的理解，下列各项中错误的是（）。,B,要依靠自己的劳动创造财富，合理合法获取金钱,把追求金钱作为人生至高目的,要理性对待金钱与财富，避免陷入拜金主义的误区,人应当是金钱的主人，而不是金钱的奴隶,0
117,下列选项中属于拜金主义的观念的是（）。,AB,“人为财死，鸟为食亡”,“有钱能使鬼推磨”,“今朝有酒今朝醉”,“人人为我，我为人人”,0
118,把享乐作为人生目的，主张人生就在于满足感官的需求与快乐的思想观念，是典型的（）。,D,拜金主义,功利主义,个人主义,享乐主义,0
119,健康有益的、适度的物质生活和文化生活，是人的正当需要，也有利于促进经济社会的发展。,A,正确,错误,,,0
120,一些大学生用父母辛苦劳作挣来的血汗钱比阔气、摆排场，在消费上超出自己的承受能力，追逐名牌和奢侈品，有的甚至因此负债累累，这说明（）。,ABC,要树立正确的消费观念,这是典型的享乐主义，坚决反对,这是一种腐朽、消极的人生观,社会发展了就应该追求享受,0
121,（）是生产资料私有制的产物，是资产阶级人生观的核心。,A,个人主义,拜金主义,享乐主义,功利主义,0
122,个人需求就是目的，具有最高价值，社会和他人只是达到个人目的的手段。,B,正确,错误,,,0
123,极端个人主义的人生观的表现有（）。,ABC,强调以个人为中心,极端利己主义,狭隘功利主义,集体主义,0
124,拜金主义、享乐主义、极端个人主义的人生观之所以错误，就在于它们（）。,BCD,否定了人的主观能动性,忽视或否认社会性是人的存在和活动的本质属性,没有正确把握个人与社会的辩证关系,出发点和落脚点都是一己之私利,0
125,大学生要认清（）等错误思想和腐朽观念的实质，选择并追求高尚的人生目的，在服务人民、奉献社会的人生实践中完善自我、创造人生的美好价值。,ABC,拜金主义,享乐主义,极端个人主义,共产主义,0
126,当代青年要成就出彩人生、实现人生价值，需要做到（）。,BCD,必须拥有大量财富,与历史同向,与祖国同行,与人民同在,0
127,当代大学生要正确认识国家和民族赋予的历史使命和时代责任，坚定信心，锐意进取，奋进新征程，建功新时代。,A,正确,错误,,,0
128,以下关于“得”与“失”的认识理解中，不正确的是（）。,C,“吃一堑，长一智”,“塞翁失马，焉知非福”,拘泥于个人利益的得失,以积极进取的态度对待得失,0
129,看待“得”与“失”的关系，不仅要看重一时的“得”，还要在意一时的“失”，方能是成功的基础。,B,正确,错误,,,0
130,得到了不一定是好事，失去了也不一定是坏事，一定意义上有舍才有得。,A,正确,错误,,,0
131,个人利益的得失只能部分地衡量人生价值的大小，每个个体只有在奉献社会中才能实现更大的人生价值。,A,正确,错误,,,0
132,“无数人生成功的事实表明，青年时代，选择吃苦也就选择了收获，选择奉献也就选择了高尚。青年时期多经历一点摔打、挫折、考验，有利于走好一生的路。”这说明（）。,ABC,苦与乐既对立又统一,苦与乐在一定条件下可以相互转化,真正的快乐只能由奋斗的艰苦转化而来,要尽量避开人生的苦难,0
133,荣辱观对个人的思想行为具有鲜明的导向和调节作用。,A,正确,错误,,,0
134,在我们国家，尽管社会主流价值观念积极健康，但现实中还存在（）等种种错误观念和看法。,ABD,拜金主义,享乐主义,集体主义,极端个人主义,0
135,金钱作为物质财富，为人所创造并为人服务，因此人应当是金钱的主人，而不是金钱的奴隶。,A,正确,错误,,,0
136,拜金主义作为一种社会思潮伴随着（）的发展而形成的，这种思潮至今还对一些人思考和认识人生目的有着不可忽视的影响。,B,社会主义,资本主义,集体主义,共产主义,0
137,把享乐尤其是感官的享乐变成人生的唯一目的，作为一种“主义”去诠释人生的根本意义，是对人的需要的一种错误理解。,A,正确,错误,,,0
138,大学生要自觉抵御享乐主义的冲击，树立正确的消费观念，培育积极健康的兴趣爱好，在努力奋斗中去获得成功与快乐。,A,正确,错误,,,0
139,关于个人主义的理解中，不正确的是（）。,D,个人主义是以个人利益为出发点和归宿的一种思想体系和道德原则,主张个人需求就是目的，具有最高价值，社会和他人只是达到个人目的的手段,个人主义是生产资料私有制的产物,个人主义主张社会需求是最终目的,0
140,英雄人物是历史的创造者，是推动国家与社会进步的关键。,B,正确,错误,,,0
141,人民群众是历史的创造者，是国家的主人。,A,正确,错误,,,0
142,大学生要在为人民群众服务、实现人民群众利益的过程中实现人生价值。,A,正确,错误,,,0
143,崇高的人生价值目标要靠社会实践才能转化为现实，辉煌的人生价值只有在创造性的社会实践中才能实现。,A,正确,错误,,,0
144,人生价值没有一个绝对的顶点，人生价值的创造也没有一个绝对的终点。,A,正确,错误,,,0
145,习近平说：“现在，青春是用来奋斗的；将来，青春是用来回忆的。”对此理解正确的有（）。,ABCD,青春的底色永远离不开“奋斗”两字,要享受眼前的幸福，更要不断奋斗，创造未来的幸福，在奋斗中创造幸福人生,追求幸福的过程就是不满足于现状、不断追求和创造更美好生活的过程,我们现在享受的幸福生活，是一代又一代前辈接力奋斗创造的,0
146,青年是标志时代的最灵敏的晴雨表，时代的责任赋予青年，时代的光荣属于青年。,A,正确,错误,,,0
147,新时代的大学生应当砥砺奋斗、锤炼品格，释放火热青春的奋斗激情，彰显有志青年的人生价值。,A,正确,错误,,,0
148,只有跳出对狭隘个人利益的计较，关爱他人，热爱集体，真诚奉献，才能赢得他人和社会的尊重，创造有意义的人生。,A,正确,错误,,,0
149,大学生要担负起民族复兴之大任，更要在磨炼中培养吃苦耐劳、乐观向上的良好品质。,A,正确,错误,,,0
150,理想是人们在实践中形成的、有实现可能性的、对未来社会和自身发展目标的向往与追求，是人们的世界观、人生观和价值观在奋斗目标上的集中体现。,A,正确,错误,,,0
151,对理想和现实的关系，理解正确的是（）。,C,理想就是现实,有了坚定的信念，理想就一定能变成现实,理想源于现实，而且超越现实,现实都是过去的理想,0
152,理想在实践中产生，在实践中发展，而且也只有在实践中才能得以实现。,A,正确,错误,,,0
153,理想的（），不仅体现为它受时代条件的制约，而且体现为它随着时代的发展而发展。,C,超越性,实践性,时代性,多样性,0
154,理想同任何一种社会意识形式一样，都是一定时代的产物，都带着特定历史时代的烙印。,A,正确,错误,,,0
155,中国人的“大同”理想是中国几千年文明一直秉持的理念，在当代中国成为人类和平与发展的真诚愿望与实际行为的文化传统。,A,正确,da,,,0
156,理想是人的精神世界的核心，具有（）。,ABC,超越性,实践性,时代性,虚幻性,0
157,科学的理想是人的主观能动性与（）的一致性的反映。,D,职业规划,人生目标,道德品质,社会发展客观趋势,0
158,信念是人类特有的精神现象，以下关于信念的理解正确的是（）。,B,信念完全是情感的产物,信念是认知、情感、意志的有机统一体,信念缺少多样性,信念只凭认知就可以形成,0
159,信念是（）的有机统一体，为人们矢志不渝、百折不挠地追求理想目标提供了强大的精神动力。,ABD,认知,情感,行为,意志,0
160,信念是人们在一定的认识基础上确立的对某种思想或事物坚信不疑并身体力行的精神状态。,A,正确,错误,,,0
161,信念为人们追求理想目标提供了强大的精神动力，具有（）。,ABD,支撑性,执着性,超越性,多样性,0
162,当一个人抱有坚定的信念时，他就会全身心投入为实现目标而努力奋斗的事业中，（）。,ABC,精神上高度集中,态度上充满热情,行为上坚定不移,情绪上萎靡不振,0
163,信念一旦形成，就不会轻易改变。这说明信念具有（）。,C,支撑性,多样性,执着性,超越性,0
164,信念是一个人经受实践考验而始终坚守理想的精神力量。,A,正确,错误,,,0
165,“面向未来，走好新时代的长征路，我们更需要坚定理想信念、矢志拼搏奋斗。”以下关于信念的表述中，不正确的是（）。,D,信念一旦形成，就不会轻易改变,信念是一个人经受实践考验而始终坚守理想的精神力量,不同的人由于社会环境、思想观念、利益需要、人生经历和性格特征等方面的差异，会形成不同的信念,离开理想这个人们确信和追求的目标，信念可以单独存在,0
166,一个人在社会实践中会形成不同类型和层次的信念。,A,正确,错误,,,0
167,长征是一次理想信念的伟大远征。长征胜利给予我们的启示是（）。,AB,心中有信仰，脚下有力量,理想信念要有强有力的支撑,在现代社会取得长征是不可想象的,长征胜利仅靠意志就能够达成,0
168,在信念体系中，信仰是最高层次的信念，具有最大的统摄力。,A,正确,错误,,,0
169,信仰是最高层次的信念，具有最大的统摄力，以下关于信仰的表述中，不正确的是（）。,D,信仰有盲目和科学之分,对虚幻的世界、不切实际的观念、荒谬的理论等对象的迷信和狂热崇拜是盲目的信仰,科学的信仰来自人们对自然界和人类社会发展规律的正确认识,信仰脱离现实，凭空产生,0
170,一个人在社会实践中会形成不同类型和层次的信念，并由此构成其信念体系，关于信念体系，下列说法中正确的有（）。,AD,高层次的信念决定低层次的信念,低层次的信念决定高层次的信念,高层次的信念服从低层次的信念,低层次的信念服从高层次的信念,0
171,大学时期确立的理想信念，对今后的人生之路将产生重大影响，甚至会影响终身。,A,正确,错误,,,0
172,理想信念能够在人们遭遇挫折、经受考验的时候，做到知难而进、迎难而上，顽强奋斗直至战胜艰难险阻。这说明理想信念能够（）。,B,提高知识水平,提供精神支柱,提供经济支持,提供物质条件,0
173,追求理想和实现理想的过程是人的精神世界（）的过程，也是一个人沿着自我成长和完善的阶梯不断攀登、逐步提升精神境界的过程。,ABC,从狭隘走向高远,从空虚走向充实,从犹疑走向执着,从富有走向贫穷,0
174,大学生只有（），才能激发起为民族复兴和人民幸福而发愤学习的强烈责任感与使命感，掌握建设祖国、服务人民的本领。,B,拥有大量的金钱财富,树立崇高的理想信念,依靠亲戚朋友,一心只读圣贤书,0
175,大学生要把个人的奋斗志向同（）紧紧联系在一起，才能使理想信念之花结出丰硕的成长成才之果。,D,经济回报,社会声望,家族荣誉,国家和民族的前途命运,0
176,理想信念是人类特有的（）。,B,物质现象,精神现象,自然现象,经济现象,0
177,人们只有在改造客观世界和主观世界的实践过程中才能化理想为现实。,A,正确,错误,,,0
178,纵观人类社会发展史，共同的（）凝聚着一个国家、一个民族的集体意志，为社会理想的实现提供强大的精神力量。,B,利益,信念,行为,经历,0
179,人生是一个在实践中奋斗的过程，要使生命富有意义，就必须在科学的理想信念指引下，沿着正确的人生道路前进。,A,正确,错误,,,0
180,一个人如果没有崇高坚定的理想信念，就有可能（），甚至腐化堕落、走上邪路。,ABC,浑浑噩噩,庸庸碌碌,虚度一生,披荆斩棘,0
181,大学生人生目标的确立、（），以及如何择友、如何面对挫折、如何克服困难等问题的解决，都需要一个总的原则和目标，都离不开理想信念的指引和激励。,ABCD,生活态度的形成,知识才能的丰富,发展方向的设定,工作岗位的选择,0
182,在追求理想和实现理想的过程中，必须不断（）。,ABC,面对挑战,抵御诱惑,突破局限,放弃原则,0
183,追求理想和实现理想需要我们（），依靠顽强斗争打开事业发展新天地。,BC,反驳一切意见,发扬斗争精神,提高斗争本领,放弃所有原则,0
184,加强思想修养、提高精神境界，必须牢牢把握理想信念这个核心。,A,正确,错误,,,0
185,坚定的理想信念，必须建立在对（）的坚定信仰上，建立在对历史规律的深刻把握上。,B,个人主义,马克思主义,功利主义,实用主义,0
186,大学生要树立崇高的理想信念，增强对（）的信仰，在错综复杂的社会现象中看清本质、明确方向，为服务人民、奉献社会作出更大的贡献。,AB,马克思主义,共产主义,资本主义,个人主义,0
187,马克思主义深刻揭示了自然界、人类社会、人类思维发展的普遍规律，为人类社会发展进步指明了方向，这鲜明体现了马克思主义的（）。,A,科学性,坚定性,实践性,时代性,0
188,马克思主义是人民的理论，第一次创立了人民实现自身解放的思想体系。,A,正确,错误,,,0
189,人民性是马克思主义的本质属性。,A,正确,错误,,,0
190,马克思主义只有同（）相结合，才能焕发出强大的生命力、创造力和感召力。,AB,中国具体实际,中华优秀传统文化,宗教文化,空想主义,0
191,在伦敦海格特公墓的马克思墓碑上，镌刻着马克思的一句名言：“哲学家们只是用不同的方式解释世界，而问题在于改变世界。”这鲜明地表明了（）。,D,马克思主义只关注现实,马克思主义只重视理论,马克思主义是一个封闭的理论体系,马克思主义重视实践、以改造世界为己任的基本特征,0
192,马克思主义是党和人民事业不断发展的参天大树之根本，是党和人民不断奋进的万里长河之泉源。,A,正确,错误,,,0
193,大学生坚定马克思主义信仰，最重要的是学习和掌握马克思主义的（），准确把握时代发展潮流，以科学的理想信念指引人生前进的道路和方向。,ABD,立场,观点,全部原文,方法,0
194,共产主义社会是（）的社会。,ABCD,物质财富极大丰富,实现按需分配,人的精神境界极大提高,每个人自由而全面发展,0
195,共产主义只有在社会主义社会充分发展和高度发达的基础上才能实现。,A,正确,错误,,,0
196,中国共产党从成立之日起，就确立了（）的远大理想，始终团结带领中国人民朝着这个伟大理想前行。,C,社会主义,中国特色社会主义,共产主义,马克思主义,0
197,在当代中国，坚持（），就是真正坚持科学社会主义。,B,实用主义,中国特色社会主义,资本主义,个人主义,0
198,改革开放以来我们取得一切成绩和进步的根本原因，归结起来就是（）。,ABCD,开辟了中国特色社会主义道路,形成了中国特色社会主义理论体系,确立了中国特色社会主义制度,发展了中国特色社会主义文化,0
199,中国特色社会主义制度是当代中国发展进步的根本制度保障，是具有（）的先进制度。,ABC,鲜明中国特色,明显制度优势,强大自我完善能力,苏联模式所有特点,0
200,实现中华民族伟大复兴，是中华民族近代以来最伟大的梦想。,A,正确,错误,,,0
201,要实现（），离不开崇高理想信念的有力支撑。,ABCD,国家的繁荣富强,民族的伟大复兴,人民的美好生活,个人的理想追求,0
202,实现中华民族伟大复兴的中国梦需要一代一代青年矢志奋斗。,A,正确,错误,,,0
203,马克思主义坚持远大理想和现实目标相结合、历史必然性和发展阶段相统一，坚信人类社会必然走向（）。,C,封建主义,资本主义,共产主义,奴隶主义,0
204,（）作为我们立党立国的根本指导思想，是近代以来中国历史发展的必然结果，是中国人民长期探索的历史选择。,C,空想社会主义,资本主义,马克思主义,封建主义,0
205,（）是我们认识世界、改造世界的强大思想武器。,B,功利主义,马克思主义,实用主义,新自由主义,0
206,马克思主义是科学的理论，创造性地揭示了人类社会发展规律。,A,正确,错误,,,0
207,马克思主义是在批判地吸收前人优秀思想成果、总结人类历史经验的基础上创立的科学理论。,A,正确,错误,,,0
208,时代在变化，社会在发展，但马克思主义基本原理依然是科学真理。,A,正确,错误,,,0
209,马克思主义不仅致力于科学解释世界，而且致力于积极改变世界，这深刻说明马克思主义是（），指引着人民改造世界的行动。,B,保守的理论,实践的理论,空想的理论,封闭的理论,0
210,中国特色社会主义的成功实践，无可辩驳地证明了马克思主义具有鲜活的（），证明了马克思主义在中国的实践伟力。,AB,实践性,创造性,历史性,空想性,0
211,空想社会主义之所以不能成功是因为它脱离现实基础、脱离历史和社会的发展规律，也脱离了人民群众的根本利益。,A,正确,错误,,,0
212,实现共产主义是一个非常漫长的历史过程，我们必须立足党在现阶段的奋斗目标，脚踏实地推进我们的事业。,A,正确,错误,,,0
213,中国特色社会主义，是科学社会主义理论逻辑和中国社会发展历史逻辑的辩证统一。,A,正确,错误,,,0
214,中国特色社会主义是（）的社会主义。,BCD,完全出自中国古代历史文化,根植于中国大地,反映中国人民意愿,适应中国和时代发展进步要求,0
215,只有社会主义才能救中国，只有中国特色社会主义才能发展中国。,A,正确,错误,,,0
216,中国特色社会主义不是从天上掉下来的，而是中国共产党带领中国人民历经千辛万苦找到的实现中国梦的正确道路。,A,正确,错误,,,0
217,中国特色社会主义，既是我们必须不断推进的伟大事业，又是我们开辟未来的根本保证。,A,正确,错误,,,0
218,经过社会主义革命和建设特别是改革开放以来的中国特色社会主义建设，中华民族实现了富起来的愿望，不仅人民群众的生活得到了巨大改善，国家的（）也进入世界前列，国际地位实现前所未有的提升。,ABCD,经济实力,科技实力,国防实力,综合国力,0
219,经过（），中华民族获得了独立，中国人民得到了解放，实现了站起来的愿望。,A,新民主主义革命,改革开放,共产主义革命,社会主义革命,0
220,走好新时代的长征路，大学生要不断增强中国特色社会主义（），自觉做共产主义远大理想和中国特色社会主义共同理想的坚定信仰者、忠实实践者，为崇高理想信念而矢志奋斗。,ABCD,道路自信,理论自信,制度自信,文化自信,0
221,共产主义不是“土豆烧牛肉”那么简单，不能唾手可得，一蹴而就，但也不能因为实现共产主义理想是一个漫长过程就认为是虚无缥缈的海市蜃楼，就不去做一个忠诚的共产党员。,A,正确,错误,,,0
222,在追求理想的过程中，人们常常会感受到理想与现实之间的矛盾，正确认识理想与现实的关系要（）。,BCD,把理想和现实对立起来,辩证看待理想与现实的矛盾,认识到实现理想的长期性、艰巨性和曲折性,认识到艰苦奋斗是实现理想的重要条件,0
223,理想越是远大，它的实现过程就越复杂，需要的时间也越漫长。,A,正确,错误,,,0
224,脱离现实而谈理想，理想就会成为空想。,A,正确,错误,,,0
225,理想的实现是一个过程，具有（）。,ABC,长期性,艰巨性,曲折性,偶然性,0
226,（）是联系理想与现实的桥梁。,A,实践,理论,财富,道德,0
227,理想信念是一个思想认识问题，更是一个（）。,A,实践问题,理论问题,思想问题,观念问题,0
228,理想受现实的规定和制约，是在对现实认识的基础上发展起来的。,A,正确,错误,,,0
229,艰苦奋斗是老一辈的事，当代青年不需要艰苦奋斗。,B,正确,错误,,,0
230,个人理想与社会理想的关系实质上是（）关系在理想层面的反映。,C,公民与国家,个人与家庭,个人与社会,个人与集体,0
231,在整个理想体系中，（）是最根本、最重要的。,A,社会理想,个人理想,职业理想,家庭理想,0
232,个人理想的实现不仅仅是个人奋斗的事情，而是要担当时代赋予的社会责任和历史使命。,A,正确,错误,,,0
233,个人理想只有同（）相结合，个人的向往和追求只有同社会的需要和人民的利益相一致，才可能变为现实。,AB,国家的前途,民族的命运,拜金的理想,利己的追求,0
234,个人理想规定、指引着社会理想。,B,正确,错误,,,0
235,强调个人理想符合社会理想，就是要排斥和抹杀个人理想。,B,正确,错误,,,0
236,大学生肩负实现中华民族伟大复兴的中国梦的历史重任，只有把实现理想的道路建立在脚踏实地的奋斗上，才能放飞青春梦想，实现人生理想，这就要求大学生要（）。,ABC,立鸿鹄志，做奋斗者,心怀“国之大者”，敢于担当,自觉躬身实践，知行合一,立志做大官,0
237,青年志存高远，就能激发奋进潜力，青春岁月就不会像无舵之舟漂泊不定。以下描述中，反映志向高远的有（）。,ABCD,“长风破浪会有时，直挂云帆济沧海”,“先天下之忧而忧，后天下之乐而乐。”,“为中华之崛起而读书”,“穷则独善其身，达则兼济天下”,0
238,在今天，做大事就是投身于新时代中国特色社会主义伟大事业。,A,正确,错误,,,0
239,漫长征途需要一步一步地走，崇高理想的实现需要一点一滴地奋斗。,A,正确,错误,,,0
240,中国梦是中华民族的振兴之梦，也是每一个大学生的成才之梦。,A,正确,错误,,,0
241,理想和现实的矛盾与冲突，属于“应然”和“实然”的矛盾。,A,正确,错误,,,0
242,实现理想、创造未来，必须有战胜种种艰难险阻的坚定不移的信心和坚忍不拔的毅力。,A,正确,错误,,,0
243,人类的美好理想，都不可能唾手可得，都离不开筚路蓝缕、手胼足胝的艰苦奋斗。,A,正确,错误,,,0
244,对于当代青年来说，理想的实现必须通过实践才能转变为现实。,A,正确,错误,,,0
245,艰苦奋斗是实现理想的重要条件，现实生活物质财富极大丰富，实现个人理想也不一定要通过艰苦奋斗来达成。,B,正确,错误,,,0
246,凡有成就者，其（），都是从艰苦奋斗中得来的。,ABCD,渊博的知识,卓越的才能,闪光的智慧,不朽的业绩,0
247,理想信念不是拿来说、拿来唱的，更不是用来装点门面的，只有见诸行动才有说服力。,A,正确,错误,,,0
248,（）是指处于一定历史条件和社会关系中的个体对于自己未来的物质生活、精神生活所产生的向往和追求。,B,社会理想,个人理想,国家理想,民族理想,0
249,（）是指社会集体乃至社会全体成员的共同理想，即在全社会占主导地位的共同奋斗目标。,B,个人理想,社会理想,家庭理想,职业理想,0
250,以下各项中，关于个人理想和社会理想的关系，理解不正确的是（）。,D,个人理想以社会理想为指引,社会理想是个人理想的汇聚和升华,二者相互联系、相互影响、相互制约,社会理想从属于个人理想,0
251,中国精神作为兴国强国之魂，是实现中华民族伟大复兴不可或缺的精神支撑。,A,正确,错误,,,0
252,“人物精神则不立，国无精神则不强。”中国精神包括,AC,民族精神,文化精神,时代精神,奋斗精神,0
253,中华民族崇尚精神的优秀传统，表现在（）。,ABC,对物质生活与精神生活相互关系的独到理解,对理想的不懈追求,对品格养成的重视,对物质生活的无限追求,0
254,古圣先贤认为，人之所以异于禽兽，在于人有道德，有精神追求，以下表述中，反映这一观点的有（）。,ABCD,“不义而富且贵，于我如浮云”,“一箪食，一瓢饮，在陋巷，人不堪其忧，回也不改其乐”,“先天下之忧而忧，后天下之乐而乐”,“人生自古谁无死，留取丹心照汗青”,0
255,中国古人重视并崇尚精神生活，在义利观上的主张不包括（）。,D,见利思义,以义制利,先义后利,见利忘义,0
256,矢志不渝地追求和坚守（），是中国古人崇尚精神的典型体现。,C,利益,权力,理想,物质,0
257,（）是激励个体的精神内驱力，是凝聚社会整体的精神力量。,D,权力,家庭,金钱,理想,0
258,（）把“兼相爱，交相利”作为理想，提倡为兴天下之利、除天下之害而摩顶放踵。,D,儒家,道家,法家,墨家,0
259,中国历史上许多仁人志士重视人生境界和理想人格，这些理想人格虽时代不同、类型有别，但其共同点是关注人的精神品格。,A,正确,错误,,,0
260,中国传统文化十分强调道德修养和道德教化，提出了“三不朽”，其中不包括（）。,D,立言,立功,立德,立威,0
261,对品格养成的重视是中华民族崇尚精神的优秀传统的表现之一。,A,正确,错误,,,0
262,中华民族崇尚精神的优秀传统，表现为对物质生活与（）相互关系的独到理解。,A,精神生活,政治生活,经济生活,现实生活,0
263,儒家把（）视为最高理想，为实现“仁”的理想即使献出生命也在所不惜，即“志士仁人，无求生以害仁，有杀身以成仁”。,AC,仁爱,无为,和谐,兼相爱，交相利,0
264,今天，中国人民比历史上任何时期都更接近、更有信心和能力实现中华民族伟大复兴。,A,正确,错误,,,0
265,关于中国共产党人的精神谱系，下列描述中正确的有（）。,ABCD,是中国共产党领导人民在团结奋斗中共同创造的,集中体现了党的坚定信念、根本宗旨、优良作风,凝聚着中国共产党人艰苦奋斗、牺牲奉献、开拓进取的伟大品格,深深融入党、国家、民族、人民的血脉之中,0
266,弘扬中国精神，对于维系中华民族的生存与发展、维护国家统一和民族团结发挥着重要的凝聚作用。,A,正确,错误,,,0
267,实现梦想、应对挑战、创造未来的动力，只能（）。,ABD,从发展中来,从改革中来,到传统中去,从创新中来,0
268,（）是一个民族在长期共同生活和社会实践中形成的，为本民族大多数成员所认同的价值取向、思维方式、道德规范、精神气质的总和，是一个民族赖以生存和发展的精神支柱。,B,陈规陋习,民族精神,传统风俗,历史遗产,0
269,爱国主义体现和调节个人与国家之间的关系表现为（）。,BCD,社会舆论,道德要求,政治原则,法律规范,0
270,爱国主义是具体的和现实的。弘扬爱国主义就必须认识到中国共产党领导和中国社会主义制度必须长期坚持，不可动摇。,A,正确,错误,,,0
271,爱祖国的大好河山，只需要爱祖国的自然风光。,B,正确,错误,,,0
272,维护祖国领土的完整和统一，是每个人的神圣使命和义不容辞的责任。,A,正确,错误,,,0
273,（）之爱反映了对民族利益共同体的自觉认同，是检验一个人对祖国忠诚程度的试金石。,B,灿烂文化,骨肉同胞,自然风光,民俗文化,0
274,爱祖国的灿烂文化，体现为对祖国优秀历史文化传统的（）。,AC,认同和尊重,抵制和排斥,传承和发扬,抛弃和否认,0
275,文化是一个国家、一个民族的灵魂，是一个国家民族得以延续的精神基因，是涵养（）的摇篮，是民族凝聚力的重要基础。,ABD,民族心理,民族个性,陈规陋习,民族精神,0
276,中华文明历来把人的精神生活纳入人生和社会理想之中。,A,正确,错误,,,0
277,古代思想家们不仅对道德修养和道德教化理论进行了系统论述，而且提出了修身养性的具体方法以及家箴家训、乡规民约等教化方式。,A,正确,错误,,,0
278,在几千年历史长河中，中国人民始终团结一心、同舟共济，建立了统一的多民族国家，发展了56个民族多元一体、交织交融的融洽民族关系，形成了守望相助的中华民族大家庭。,A,正确,错误,,,0
279,中国人民从亲身经历中深刻认识到，团结就是力量，团结才能前进，一个四分五裂的国家不可能发展进步。,A,正确,错误,,,0
280,以下古代神话中，深刻反映了中国人民勇于追求和实现梦想的执着精神的是（）。,ABCD,伏羲画卦,女娲补天,神农尝草,愚公移山,0
281,百年前，中国共产党的先驱们创建了中国共产党，形成了（）的伟大建党精神，这是中国共产党的精神之源。,ABCD,坚持真理、坚守理想,践行初心、担当使命,不怕牺牲、英勇斗争,对党忠诚、不负人民,0
282,大力弘扬新时代爱国主义，必须（）。,ABCD,坚持爱国爱党爱社会主义相统一,维护祖国统一和民族团结,尊重和传承中华民族历史文化,坚持立足中国又面向世界,0
283,在现阶段，爱国主义主要表现为在中国共产党领导下，献身于建设新时代中国特色社会主义伟大事业，献身于实现中华民族伟大复兴的中国梦的实践，献身于促进祖国统一大业。,A,正确,错误,,,0
284,爱国主义的丰富性和生命力，正是通过它的（）来表现的。,BC,抽象性,历史性,现实性,缥缈性,0
285,在新民主主义革命时期，爱国主义主要表现为在党的领导下，克服万难、前仆后继，推翻（）的反动统治，把黑暗的旧中国改造成光明的新中国，为实现中华民族站起来而奋斗。,ABC,帝国主义,封建主义,官僚资本主义,民族资本主义,0
286,凡是有利于增进两岸同胞共同福祉的事情，我们都应尽最大努力做好。,A,正确,错误,,,0
287,一切分裂祖国的活动都必将遭到全体中国人坚决反对。,A,正确,错误,,,0
288,大学生要感悟两岸关系和平发展的潮流，担当起实现中华民族伟大复兴的历史重任，为推动两岸关系和平发展、实现祖国统一作出自己的贡献。,A,正确,错误,,,0
289,要牢固树立正确的（），增强对伟大祖国的认同、对中华民族的认同、对中华文化的认同、对中国共产党的认同、对中国特色社会主义道路的认同，构建各民族共有精神家园。,ABCD,祖国观,民族观,文化观,历史观,0
290,在与各民族同胞接触交往的日常生活中，要（），不说伤害民族感情的话，不做不利于民族团结和社会稳定的事。,ABCD,维护和发展各民族的平等团结互助和谐关系,尊重兄弟民族的传统文化、风俗习惯和宗教信仰,多说有利于民族团结、有利于社会稳定的话,多做有利于民族团结、有利于社会稳定的事,0
291,中华优秀传统文化是中华民族的精神命脉，其中蕴含着中华民族世世代代形成和积累的思想营养和实践智慧，是中华民族得以延续的文化基因，也是我们在世界文化激荡中站稳脚跟的根基。,A,正确,错误,,,0
292,我们要对中华民族的英雄心怀崇敬，自觉传承好中华民族辉煌灿烂的历史文化。,A,正确,错误,,,0
293,当今世界，（）仍然是民族存在的最高组织形式，是国际社会活动中的独立主体。,B,社会,国家,国际合作组织,联合国,0
294,国家安全是指一个国家不受内部和外部的威胁、破坏而保持稳定有序的状态。,A,正确,错误,,,0
295,新时代爱国主义继承并发扬了中华文化协和万邦、热爱和平的优秀传统，对外主张平等互利、和平共处的国际交往原则，积极维护国际和平与文明和谐。,A,正确,错误,,,0
296,在国家安全形势越来越复杂的今天，大学生要（），维护国家安全。,ABC,增强国家安全意识,对境内外敌对势力的渗透、颠覆、破坏活动保持高度警惕,切实履行维护国家安全的义务,国家安全与大学生无关,0
297,新中国是中国共产党领导的社会主义国家，祖国的命运和党的命运、社会主义的命运密不可分。,A,正确,错误,,,0
298,当代中国，爱国主义的本质就是坚持（）高度统一。,ABC,爱国,爱党,爱社会主义,爱资本主义,0
299,我们爱的“国”是中国共产党领导的社会主义中国，（），为国家繁荣发展贡献自己的力量，是爱国主义的基本要求。,ABCD,拥护国家的基本制度,遵守国家的宪法法律,维护国家安全和统一,捍卫国家的利益,0
300,爱国主义与爱社会主义的统一是中国历史发展的必然结果。,A,正确,错误,,,0
301,在中国特色社会主义新时代，爱国主义主要表现不包括（）。,D,在党的领导下全面建成小康社会,开启全面建设社会主义现代化国家新征程,为实现中华民族强起来而奋斗,固守中国民族特色，排斥一切外来文化,0
302,新时代大学生不仅要在认识上深刻理解爱国爱党爱社会主义的高度统一，更要以实际行动体现对祖国的热爱、对党的热爱、对社会主义的热爱。,A,正确,错误,,,0
303,大陆和台湾同属一个中国，是不可分割的整体，这个事实从未改变，也不可能改变。,A,正确,错误,,,0
304,我们绝不允许任何人、任何组织、任何政党在任何时候、以任何形式、把任何一块中国领土从中国分裂出去。,A,正确,错误,,,0
305,处理好民族问题、促进民族团结，是关系祖国统一和边疆巩固的大事，是关系民族团结和社会稳定的大事，是关系国家长治久安和中华民族繁荣昌盛的大事。,A,正确,错误,,,0
306,要认清“藏独”和“疆独”等各种分裂主义势力的险恶用心和反动本质，要（），与破坏民族团结的行为作坚决斗争。,ABCD,坚持原则、明辨是非,不信谣、不传谣,不受分裂分子挑拨煽动,不参与违法犯罪活动,0
307,对祖国悠久历史、深厚文化的理解和接受，是培育和发展爱国主义情感的重要条件。,A,正确,错误,,,0
308,中华文化独一无二的（），增添了中国人民和中华民族内心深处的自信和自豪。,ABCD,理念,智慧,气度,神韵,0
309,要旗帜鲜明的反对历史虚无主义。以下哪些是历史虚无主义的表现（）。,ABCD,抹黑和诋毁革命领袖,否定马克思主义指导地位,否定中国革命历史,混淆视听、扰乱人心,0
310,新时代大学生要树立（）历史观和党史观。,ABCD,把握党的历史发展主题和主线,中国特色社会主义为什么好,增强历史自信、历史自觉,领悟中国共产党为什么能、马克思主义为什么行,0
311,保卫祖国、抵抗侵略是军人的职责，与普通大学生无关。,B,正确,错误,,,0
312,大学生只需要遵守国家安全法律即可，无需履行维护国家安全的法律义务。,B,正确,错误,,,0
313,中国人民的梦想同各国人民的梦想息息相通，实现中国梦离不开和平的国际环境和稳定的国际秩序。,A,正确,错误,,,0
314,社会主义在中国不是一句空洞的口号，而是集中代表着、体现着、实现着国家、民族和人民的根本利益。,A,正确,错误,,,0
315,中国的问题必须从中国基本国情出发，由中国人自己来解答。,A,正确,错误,,,0
316,当前，世界百年未有之大变局加速演进，（）等全球性问题加剧，世界进入新的动荡变革期。,ABCD,世纪疫情影响深远，逆全球化思潮抬头,单边主义、保护主义明显上升,世界经济复苏乏力,局部冲突和动荡频发,0
317,大学生既是社会主义现代化建设的有用人才，也是国防建设的后备人才，必须（），成为既能建设祖国又能保卫祖国的优秀人才。,ABCD,具有很强的国防观念和忧患意识,自觉接受国防和军事方面的教育训练,关心国防、了解国防、热爱国防、投身国防,积极履行国防义务,0
318,改革开放是当代中国发展进步的活力之源，它只有进行时，没有完成时。,A,正确,错误,,,0
319,改革开放创造的奇迹是来自中国共产党和中国人民的（）以及各方面创新。,ABCD,理论创新,实践创新,制度创新,文化创新,0
320,创新是推动人类社会发展的重要力量。,A,正确,错误,,,0
321,虽然我国经济总量跃居世界第二，但大而不强、臃肿虚胖体弱问题相当突出，主要体现在（）。,ABCD,创新能力不强,科技发展水平总体不高,科技对经济社会发展的支撑能力不足,科技对经济增长的贡献率远低于发达国家水平,0
322,创新决定着世界政治经济力量对比的变化，也决定着各国各民族的前途命运。,A,正确,错误,,,0
323,只有全面深化改革，坚持创新在我国现代化建设全局中的核心地位，在全社会积极营造鼓励（）的良好氛围，才能把创新驱动的新引擎全速发动起来，为我国经济社会发展提供前所未有的强劲动力。,ABC,大胆创新,勇于创新,包容创新,盲目创新,0
324,以下不属于改革创新的责任感的表现是（）。,D,不甘落后,奋勇争先,追求进步,安于现状,0
325,大学生要以时不我待、只争朝夕的紧迫感投身改革创新的实践，服务人民，奉献社会，实现人生价值。,A,正确,错误,,,0
326,树立敢于突破陈规的意识，要求大学生在学习与实践中要（）。,ABCD,敢于大胆突破陈规甚至常规,敢于大胆探索尝试,善于观察发现、思考批判,不唯书、不唯上、只唯实,0
327,"青年应是常为新、敢创造的,理当锐意创新创造，不等待、不观望、不懈怠，勇做改革创新的生力军。",A,正确,错误,,,0
328,以下各项中，不属于树立改革创新的自觉意识的是（）。,C,树立突破陈规陋习的自觉意识,树立大胆探索未知领域的信心,绝对地相信权威的观点,树立勇于创新创造的思想观念,0
329,无视或轻视专业知识学习，不可能担负改革创新的重任。,A,正确,错误,,,0
330,大学生作为改革创新的生力军，应从扎实系统的专业知识学习起步和入手，而不能好高鸯远，空谈改革创新。,A,正确,错误,,,0
331,下列各项中，与改革创新思想观念相悖的是（）。,D,敢于突破陈规,大胆探索未知,勇于创新创造,因循守旧,0
332,以（）为标志，我国开启了改革开放的历史征程。,A,党的十一届三中全会,党的十二届三中全会,党的十一届五中全会,党的十一届六中全会,0
333,在当代中国，经济社会发展离不开改革创新。,A,正确,错误,,,0
334,第二次产业革命以来，美国占据了世界第一的位置，这是因为美国是科技和产业革命的领航者和最大获利者。,A,正确,错误,,,0
335,（）是当今国际竞争新优势的集中体现。,B,领土面积,创新能力,经济实力,文化自信,0
336,大学生在专业学习与社会实践中应（），自觉培养创新思维。,BCD,只唯书、只唯上,勤于思考,善于发现,勇于创新,0
337,青年往往（），敢于尝试新生事物，这些都是有利于创新创造的重要条件。,ABCD,朝气蓬勃,思维活跃,好奇心强,求知欲盛,0
338,核心价值观，承载着一个民族、一个国家的精神追求，体现着一个社会评判是非曲直的价值标准。,A,正确,错误,,,0
339,社会主义核心价值观集中体现（）的本质属性，代表全体人民共同的价值追求。,B,资本主义,社会主义,功利主义,个人主义,0
340,（）是促进社会进步、人的自由全面发展的物质基础，是生产力标准的根本要求。,B,自由,富强,博爱,公正,0
341,（）是社会进步的重要标志，也是社会主义现代化国家的重要特征。,D,法治,平等,和谐,文明,0
342,（）是中华文明的核心价值理念。,A,和谐,文明,自由,公正,0
343,（）是一个社会的活力之源，是社会主义的价值理想。,A,自由,公正,富强,法治,0
344,（）是人类社会进步的标尺，是社会主义制度的本质要求。,C,平等,自由,公正,法治,0
345,（）是人类政治文明的重要成果，是现代社会的主要特征。,B,公正,法治,和谐,文明,0
346,价值观不同的人，行为取向也会不同，甚至可能截然相反。,A,正确,错误,,,0
347,马克思说：“随着每一次社会秩序的巨大历史变革，人们的观点和观念也会发生变革。”这说明价值观具有（）。,B,阶级性,时代性,永恒性,抽象性,0
348,人们的社会存在和社会生活是（），是属于一定时代的，反映社会存在和社会生活的价值观总是表现出鲜明的时代特点。,AB,具体的,现实的,抽象的,一成不变的,0
349,核心价值观是一个民族赖以维系的精神纽带，是一个国家共同的思想道德基础。,A,正确,错误,,,0
350,核心价值观是一个国家的重要稳定器，能否构建具有强大感召力的核心价值观，关系社会和谐稳定，关系国家长治久安。,A,正确,错误,,,0
351,世界上各种文化之争，本质上是价值观念之争，也是人心之争、意识形态之争。,A,正确,错误,,,0
352,党的十八大提出积极培育和践行社会主义核心价值观，内容涉及（）等层面。,ABD,国家,社会,世界,公民,0
353,社会主义核心价值观是中国共产党凝聚全党全社会价值共识作出的重要论断。,A,正确,错误,,,0
354,社会主义核心价值观的提出，鲜明确立了当代中国的核心价值理念，生动展现了中国共产党和中华民族高度的价值自觉和价值自信。,A,正确,错误,,,0
355,社会主义核心价值观是社会主义核心价值体系的精神内核。,A,正确,错误,,,0
356,社会主义核心价值观是全面建成社会主义现代化强国、实现第二个百年奋斗目标的价值引领。,A,正确,错误,,,0
357,关于社会主义核心价值观和社会主义核心价值体系的关系，理解正确的有（）。,ABCD,两者紧密联系、互为依存、相辅相成,具有内在的一致性,都体现了社会主义意识形态的本质要求,体现了社会主义制度在思想和精神层面的质的规定性,0
358,社会主义核心价值观回答的问题不包括（）。,C,建设什么样的国家,建设什么样的社会,构建什么样的世界,培育什么样的公民,0
359,社会主义核心价值观体现了社会主义本质要求，继承和吸收了（），体现了时代精神。,AB,中华优秀传统文化,世界文明有益成果,所有古代传统文化,世界各国文明形态,0
360,富强、民主、文明、和谐从（）标注了社会主义核心价值观的时代刻度。,A,国家层面,社会层面,公民层面,全球层面,0
361,人民富裕和国家强盛在根本上是统一的，这是社会主义的价值追求。,A,正确,错误,,,0
362,中华民族伟大复兴归根到底要落实到满足人民对美好生活的追求上，使人民的获得感、幸福感、安全感更加充实、更可持续、更有保障，朝着共同富裕方向稳步前进。,A,正确,错误,,,0
363,人民民主反映了人民群众的历史主体地位，是人民群众创造历史的集中体现。,A,正确,错误,,,0
364,社会主义核心价值观倡导的民主是（）。,ABC,最广泛的民主,最真实的民主,最管用的民主,少数人的民主,0
365,社会主义核心价值观倡导的民主没有门槛，不受（）、宗教等因素限制。,ABCD,财产,地位,民族,性别,0
366,文明是社会进步的重要标志，也是社会主义现代化国家的重要特征。,A,正确,错误,,,0
367,社会主义核心价值观倡导的文明包括（）、生态文明。,ABCD,物质文明,政治文明,精神文明,社会文明,0
368,自由、平等、公正、法治这一价值追求，回答的是我们要（）的重大问题。,B,建设什么样的国家,建设什么样的社会,构建什么样的世界,培育什么样的公民,0
369,关于社会主义核心价值观所倡导的平等，下列理解中不正确的是（）。,B,兼顾效率与公平,不患寡而患不均,政治上平等参与,经济上共同富裕,0
370,公正是人类社会进步的标尺，是社会主义制度的本质要求。,A,正确,错误,,,0
371,社会主义核心价值观倡导的公正，不只是强调机会平等和程序正义的公正，更是兼顾结果的公正，体现在社会生活各个领域、各个层次、各个方面的公正。,A,正确,错误,,,0
372,在当代中国，全面推进依法治国，加快建设社会主义法治国家，是坚持和发展中国特色社会主义的本质要求和重要保障。,A,正确,错误,,,0
373,社会主义核心价值观倡导的法治，是立足中国的社会现实和文化传统，坚持党的领导、人民当家作主、依法治国的有机统一。,A,正确,错误,,,0
374,爱国、敬业、诚信、友善，这一价值追求回答的是我们要（）的重大问题。,D,建设什么样的国家,建设什么样的社会,弘扬什么样的文化,培育什么样的公民,0
375,爱国是最深沉、最持久的情感，是每个公民应当遵循的最基本的价值观念和道德准则。,A,正确,错误,,,0
376,敬业是对待生产劳动和人类生存的一种根本价值态度。,A,正确,错误,,,0
377,诚信是个人立身处世的基本价值规范，是社会存续发展的重要价值基石。,A,正确,错误,,,0
378,社会主义核心价值观倡导的诚信，就是要以诚待人、以信取人，说老实话、办老实事、做老实人。,A,正确,错误,,,0
379,友善是维系良好人际关系和社会关系的基本价值准则。友善的要求包括（）。,ABC,善待亲人朋友,对社会抱有善意,与自然和谐共处,对陌生人不用友善,0
380,社会主义核心价值观，集中体现了（）所倡导的价值理念，是中国特色社会主义的根本价值导向。,B,个人主义,马克思主义,实用主义,功利主义,0
381,一个国家的文化软实力，从根本上说，取决于其核心价值观的生命力、凝聚力、感召力。,A,正确,错误,,,0
382,价值观在人们的观念体系中并不是孤立的，它与世界观、人生观相辅相成、相互作用、相互促进，是辩证统一的关系。,A,正确,错误,,,0
383,只有社会主义社会存在多种多样的价值观念和价值取向。,B,正确,错误,,,0
384,富强、民主、文明、和谐的价值追求，回答了我们要（）的重大问题，揭示了当代中国经济社会发展的价值目标。,C,构建什么样的世界,培育什么样的公民,建设什么样的国家,建设什么样的社会,0
385,富强不仅在于富民，也在于强国，即国家强盛，体现为国家拥有强大的综合国力。,A,正确,错误,,,0
386,人民民主是社会主义的生命，没有民主就没有社会主义，就没有社会主义现代化。,A,正确,错误,,,0
387,中国共产党领导人民实行的民主是全过程人民民主。,A,正确,错误,,,0
388,全过程人民民主，实现了（）相统一，是全链条、全方位、全覆盖的民主。,ABCD,过程民主和成果民主,程序民主和实质民主,直接民主和间接民主,人民民主和国家意志,0
389,和谐的中国，秉持世界持久和平的理想，心系人类共同繁荣的命运，担当可持续发展的历史责任。,A,正确,错误,,,0
390,自由是社会活力之源，是社会主义的价值理想。,A,正确,错误,,,0
391,社会主义核心价值观体现了社会主义制度在物质层面和思想精神层面的质的规定性。,B,正确,错误,,,0
392,社会主义核心价值观倡导的平等是要让人人都能（），政治上平等参与、经济上共同富裕、文化上共建共享，同祖国和时代一起成长进步。,ABC,公平行使社会权利,履行社会义务,分享社会成果,直接参与国家决策,0
393,社会主义社会的各项制度安排，归根结底是将最广大人民的根本利益作为出发点和落脚点，在社会发展过程中尽最大努力（）。,ABC,实现人民的愿望,满足人民的需要,维护人民的根本利益,实现按需分配,0
394,法治是人类政治文明的重要成果，是现代社会的主要特征。,A,正确,错误,,,0
395,全面推进依法治国是实现国家治理体系和治理能力现代化的必然要求，事关我们党执政兴国、事关人民幸福安康、事关党和国家长治久安。,A,正确,错误,,,0
396,社会主义核心价值观倡导的爱国，就是（）。,ABCD,把个人价值的实现同推动国家的繁荣发展对接,把人生意义的提升同增进最广大人民的福祉相连,不断加深对祖国悠久历史、灿烂文化的认同,把我们的国家建设好，把我们的民族发展好,0
397,在复杂的社会变革中，不同价值取向并存，表现出来的是具体利益、观念观点之争，但折射出来的是价值观的分歧。培育和践行社会主义核心价值观，能够（）。,ABCD,在具体利益矛盾、各种思想差异之上最广泛地形成价值共识,有效引领整合纷繁复杂的社会思想意识,有效避免利益格局调整可能带来的思想对立和混乱,形成团结奋斗的强大精神力量,0
398,中国式现代化是物质文明和精神文明相协调的现代化。物质贫困不是社会主义，精神贫乏也不是社会主义。,A,正确,错误,,,0
399,当今世界，文化越来越成为综合国力竞争的重要因素，成为经济社会发展的重要支撑，文化软实力越来越成为争夺发展制高点、道义制高点的关键所在。,A,正确,错误,,,0
400,社会主义核心价值观以其（）站在人类道义制高点上，彰显出独特而强大的价值观优势。,ACD,先进性,抽象性,人民性,真实性,0
401,社会主义核心价值观的（）集中体现在它是社会主义所坚持和追求的价值理念。,B,空想性,先进性,抽象性,保守性,0
402,社会主义作为人类社会迄今为止最先进的社会制度，其价值观同社会主义经济基础和上层建筑相适应，充分彰显了社会主义社会的本质要求。,A,正确,错误,,,0
403,任何一种价值观都不可能凭空产生，总是有其特定的历史底色和精神脉络。,A,正确,错误,,,0
404,中华优秀传统文化是涵养社会主义核心价值观的重要源泉。,A,正确,错误,,,0
405,人类是在对理想社会的追求中不断进步的，不同时代的人们提出了具有时代特点的价值理想。,A,正确,错误,,,0
406,（）是社会主义核心价值观的根本特性。,B,时代性,人民性,现实性,具体性,0
407,中国特色社会主义民主通过选举民主、协商民主、基层民主，保证人民依法实行民主选举、（）。,ABCD,民主协商,民主决策,民主管理,民主监督,0
408,“普世价值”就是一种极具迷惑性、欺骗性并且带有鲜明政治倾向的价值观。,A,正确,错误,,,0
409,资本主义价值观是在资本主义生产方式基础上形成的，从根本上说，是为资产阶级利益服务的。,A,正确,错误,,,0
410,资产阶级把自己的价值观以全人类的共同价值观装饰起来，其目的就是为了维护和攫取与之相关的最大利益。,A,正确,错误,,,0
411,一些西方国家长期存在的（）、社会撕裂、人权无保障等问题，充分说明了“普世价值”在实践上的虚伪性。,ABCD,种族歧视,劳资对立,金钱政治,贫富分化,0
412,社会主义核心价值观的道义力量指其（）。,ABD,先进性,人民性,抽象性,真实性,0
413,中国走上社会主义道路，是近代以来中国社会发展的历史必然，是历史的选择、人民的选择，凝聚着中国共产党带领全国各族人民持续奋斗的实践经验。,A,正确,错误,,,0
414,加快推进社会主义现代化，实现中华民族伟大复兴，必须坚定不移地坚持和发展（）。,C,功利主义,实用主义,中国特色社会主义,个人主义,0
415,社会主义核心价值观在吸收人类优秀的价值理念的基础上，以中国经验、中国实践为民主、自由、平等、公正、法治等价值理念赋予社会主义性质，代表了人类社会前进的方向和价值理念。,A,正确,错误,,,0
416,西方国家所谓的“普世价值”并非指人类道德评价、审美评价的普遍性或共性，而是特指（）价值观。,B,共产主义,资本主义,封建主义,社会主义,0
417,社会主义核心价值观以海纳百川的气度广泛吸收借鉴了包括资本主义文明成果在内的人类一切文明成果，萃取精华、融会贯通，形成了具有世界视野、中国气派的价值观。,A,正确,错误,,,0
418,当代大学生要意识到自身肩负的历史使命，自觉加强价值观养成，树立正确的价值取向。,A,正确,错误,,,0
419,培育和践行社会主义核心价值观，要增强自己的价值判断力和道德责任感，辨别什么是真善美、什么是假恶丑，自觉做到常修善德、常怀善念、常做善举。,A,正确,错误,,,0
420,培育和践行社会主义核心价值观，既要目标高远，保持定力、不懈奋进，又要脚踏实地，严于律己、精益求精。,A,正确,错误,,,0
421,养大德方可成大业，以下不属于“大德”的是（）。,D,报效祖国,服务人民,奉献社会,明哲保身,0
422,新时代青年有着大好机遇，无论学习还是创业，关键是要迈稳步子、夯实根基、（）。,B,心浮气躁,久久为功,朝三暮四,丧失底线,0
423,在全社会培育和弘扬社会主义核心价值观，需要大学生始终走在时代前列，成为培育和践行社会主义核心价值观最积极、最活跃的青年先进代表。,A,正确,错误,,,0
424,正确的价值观能够引导大学生把人生价值追求融入国家和民族事业，始终站在人民大众立场。,A,正确,错误,,,0
425,道德是立身兴国之本，对个人和社会都具有基础性意义。,A,正确,错误,,,0
426,道德是一种特殊的社会意识形态，它是以善恶为评价方式，主要依靠（）来发挥作用的行为规范的总和。,ACD,内心信念,国家强制,社会舆论,传统习俗,0
427,（）道德观是科学世界观、人生观、价值观在道德领域的反映与体现。,D,封建主义,资本主义,个人主义,马克思主义,0
428,道德起源的首要前提是（）。,D,社会关系,社会经济,人类自我意识,劳动,0
429,（）创造了人、社会和社会关系，也创造了道德。,B,自然,劳动,动物进化,语言,0
430,社会关系是道德赖以产生的客观条件。,A,正确,错误,,,0
431,人的自我意识是道德产生的主观条件。,A,正确,错误,,,0
432,马克思主义在人类思想史上第一次科学而全面地论述了道德的起源问题，强调道德属于（）。,C,经济范畴,法律范畴,上层建筑的范畴,艺术范畴,0
433,（）在人类思想史上第一次科学而全面地论述了道德的起源问题，强调道德是一种特殊的社会意识形态。,A,马克思主义,黑格尔主义,实用主义,社会达尔文主义,0
434,道德的产生、发展和变化，归根结底源于（）。,D,在法律上的反映,全体人民的意愿,统治阶级的意志,社会经济关系,0
435,有什么样的社会经济关系，相应地就有什么样的道德。,A,正确,错误,,,0
436,不同阶级之间的道德或多或少有一些共同之处，反映着道德的（）。,C,时代性,阶级性,普遍性,相对独立性,0
437,道德的（）既表现为道德的历史继承性，也表现为道德对社会发展具有能动的反作用。,B,阶级性,相对独立性,时代性,普遍性,0
438,在道德的功能系统中，（）是最基本的功能。,ABC,认识功能,规范功能,调节功能,处罚功能,0
439,道德反映社会关系特别是反映社会经济关系的功效与能力，是道德的（）。,C,调节功能,激励功能,认识功能,导向功能,0
440,道德的主要功能不包括（）。,C,调节功能,认识功能,处罚功能,规范功能,0
441,道德的（）是指道德通过评价等方式指导和纠正人们的行为和实践活动、协调社会关系和人际关系的功效与能力。,A,调节功能,认识功能,处罚功能,规范功能,0
442,（）是道德调节的主要形式。,C,国家强制,物质奖励,道德评价,因果报应,0
443,道德调节所赖以发挥作用的力量包括（）。,ACD,社会舆论,法律规范,传统习俗,内心信念,0
444,人类道德发展的历史过程与社会生产方式的发展进程大体一致，这是道德发展的基本规律。,A,正确,错误,,,0
445,“道德万能论”片面夸大道德的作用，颠倒了社会存在和社会意识、经济基础同上层建筑之间的决定与被决定的关系。,A,正确,错误,,,0
446,为人民服务是（）的统一。,AB,先进性要求,广泛性要求,永恒性要求,抽象性要求,0
447,大学生践行为人民服务，就是要弘扬为人民服务的精神，尊重人、理解人、关心人，为人民、为社会、为国家多做好事、多作贡献。,A,正确,错误,,,0
448,"道德原则是道德规范体系的总纲，它最直接最集中地反映着一定社会经济关系和利益关系的根本要求,代表着一定阶级的根本利益和长远利益。",A,正确,错误,,,0
449,社会主义道德的原则是（）。,C,个人主义,金钱至上,集体主义,实用主义,0
450,在我国，（）根本上的一致性，使得集体主义应当而且能够在全社会范围内贯彻实施。,ABC,国家利益,社会整体利益,个人利益,个人所有需求,0
451,（）强调国家利益、社会整体利益和个人利益的辩证统一。,B,实用主义,集体主义,功利主义,个人主义,0
452,在社会主义社会中，国家利益、社会整体利益和个人利益是不能分割的。,A,正确,错误,,,0
453,在个人利益与国家利益、社会整体利益发生矛盾尤其是发生激烈冲突的时候，个人利益要服从于国家利益和社会整体利益，必要时作出牺牲。,A,正确,错误,,,0
454,集体主义强调，在个人利益与国家利益、社会整体利益发生矛盾冲突的时候，要（）。,B,坚持国家利益、社会整体利益服从个人利益,坚持国家利益、社会整体利益高于个人利益,为国家利益、社会整体利益无条件牺牲个人利益,为个人利益暂时放弃国家利益、社会整体利益,0
455,集体主义原则强调国家利益、社会整体利益高于个人利益的同时，也强调（）。,D,维护小团体的利益,先私后公,先己后人,重视和保障个人的正当利益,0
456,集体主义重视和保障个人的正当利益，只有个人的价值、尊严得到实现，个人的正当利益得到保证，集体才能有更强大的生命力和凝聚力。,A,正确,错误,,,0
457,集体主义重视和保障的是个人的正当利益，对于损人利己、损公肥私的行为，集体主义不但不保护，而且强烈反对和禁止。,A,正确,错误,,,0
458,在社会主义市场经济条件下，集体主义仍然而且应当成为社会主义道德的基本原则。,A,正确,错误,,,0
459,（）是集体主义的最高层次，是优秀共产党员、先进分子应努力达到的道德目标。,BC,明哲保身,无私奉献,一心为公,先私后公,0
460,自觉把集体利益放在个人利益至上，在维护集体利益的前提下，实现个人的正当利益。这是已经具有较高社会主义道德觉悟的人能够达到的要求。,A,正确,错误,,,0
461,物质生活的生产方式制约着整个社会生活、政治生活和精神生活的过程。,A,正确,错误,,,0
462,原始的劳动分工与协作，使（）之间的相互依赖、相互扶持自觉不自觉地成为当时最自然、最朴实的道德生活状态。,A,人与人,人与社会,人与自然,人与家庭,0
463,人的自我意识是道德产生的主观条件，只有在社会实践中（），道德才得以产生。,ABCD,意识到自我作为社会成员与其他动物的根本区别,意识到自我在社会中的角色与地位,意识到自我与他人或集体不同的利益关系,产生调节利益矛盾的迫切要求,0
464,在人类道德史上，一切道德上的兴衰起伏、进退消长，从根本上说都是源于（）的变革。,B,政治关系,社会经济关系,文化关系,社会心理形态,0
465,道德作为一种社会意识，在阶级社会里总是反映着一定阶级的利益，因而不可避免地具有（）。,B,相对独立性,阶级性,普遍性,时代性,0
466,道德与法律规范、政治规范的不同之处不包括（）。,D,用善恶标准去评价,依靠社会舆论、传统习俗、内心信念来维持,是一种非强制性的规范,有明确的条文规定,0
467,道德把握世界的方式是从人的需要出发，从特定的价值出发来（）。,B,描述世界,改造世界,再现世界,反映世界,0
468,道德的功能，一般是指道德作为社会意识的特殊形式对于社会发展所具有的功效与作用。,A,正确,错误,,,0
469,法律和道德都是重要的社会规范，国家和社会治理需要法律和道德共同发挥作用。,A,正确,错误,,,0
470,道德作为激励人们改造客观世界和主观世界的一种精神力量，也是（）的内在动力。,ABC,提高人的精神境界,促进人的自我完善,推动人的全面发展,解决一切困难,0
471,（）是人类道德合乎规律发展的必然产物，是人类道德发展史上的一种崭新类型的道德。,D,功利主义道德,资本主义道德,封建主义道德,社会主义和共产主义道德,0
472,社会主义道德克服了以往阶级社会道德的（），坚持以为人民服务为核心，坚持以集体主义为原则，展现出真实而强大的道义力量。,BC,广泛性,片面性,局限性,真实性,0
473,（）是道德的核心问题，决定并体现着道德建设的根本性质和发展方向，规定并制约着道德领域中的所有道德现象。,B,如何提升自身修养,为什么人服务,怎样引导人们正确实践,对错误行为如何处罚,0
474,在社会主义社会，各行各业的劳动者和建设者，只是社会分工不同，没有高低贵贱之分。,A,正确,错误,,,0
475,社会主义市场经济要求人们在一切经济活动中，正确处理个人与社会、（）等关系，形成健康有序的经济和社会生活规范。,ABCD,竞争与协作,效率与公平,先富与共富,经济效益与社会效益,0
476,国家利益、社会整体利益和个人利益是相辅相成的，要力求做到（）。,ABC,共同发展,相互增益,相得益彰,相互牵制,0
477,道德随着社会经济关系的变化而变化。新旧经济关系更替之后，新的道德必将取代旧的道德而居于主导地位。,A,正确,错误,,,0
478,作为实践精神，道德是一种旨在通过把握世界的善恶现象而规范人们的行为，并通过人们的实践活动体现出来的社会意识。,A,正确,错误,,,0
479,在正确善恶观的指引下，规范社会成员在社会公共领域、职业领域、家庭领域的行为，并规范个人品德的养成，引导并促进人们崇德向善。这是道德的（）。,C,认识功能,调节功能,规范功能,处罚功能,0
480,一个法治健全的社会应该是一个道德规范健全的社会，离开道德仅仅依靠法律，则无法达到社会秩序井然的状态和长治久安的目标。,A,正确,错误,,,0
481,集体主义是对个人的压制、对个性的束缚。,B,正确,错误,,,0
482,传统道德是历史上不同时代人们的行为方式、风俗习惯、价值观念和文化心理的集中体现，是对道德实践经验的提炼总结。,A,正确,错误,,,0
483,在中华传统道德的发展演化中，我们始终强调整体利益、国家利益和民族利益的重要性。,A,正确,错误,,,0
484,“公义胜私欲”是中华传统美德的根本要求，以下表述中体现这一思想的是（）。,ABCD,“夙夜在公”,“以公灭私，民其允怀”,“国而忘家，公而忘私”,“苟利国家生死以，岂因祸福避趋之”,0
485,中国古代思想家强调在“义”和“利”发生矛盾时，应当（）。,ABCD,义以为上,先义后利,见利思义,见义勇为,0
486,推崇仁爱、崇尚和谐是中华民族的优良传统和高尚品德。以下表述中体现这一思想中的是（）。,ABCD,“己欲立而立人，己欲达而达人”,“亲亲而仁民，仁民而爱物”,“仁者自爱”,“兼相爱，交相利”,0
487,中华传统美德非常重视每个人在人伦关系中的地位及其价值，强调每个人都必须根据规范的要求来尽自己应尽的义务。,A,正确,错误,,,0
488,中华传统美德把（）的实现看作人生诸种需要中最高层次的需要。,C,世俗功名,荣华富贵,道德理想,子孙满堂,0
489,墨家非常重视“修身”，强调“察色修身”和“以身戴行”，这反映的是中华传统美德中的（）。,B,注重人伦关系，重视道德义务,强调道德修养，注重道德践履,重视整体利益，强调责任奉献,追求精神境界，向往理想人格,0
490,传承和弘扬中华传统美德，我们要（）。,ABC,坚定历史自信、文化自信,不忘本来、辩证取舍,古为今用、推陈出新,摒弃全部，一律不用,0
491,任何道德都是具体历史时代的产物。,A,正确,错误,,,0
492,中国传统道德从整体上来说在今天已经失去了价值和意义，必须从整体上予以全盘否定。,B,正确,错误,,,0
493,弘扬中华传统美德，必须通过科学的分析和鉴别，把其中带有（）局限性的成分剔除出去，把其中具有当代价值的道德精神发掘出来。,CD,文化,精神,阶级,时代,0
494,传承和发扬中国革命道德，是弘扬中华传统美德的应有之义，是加强社会主义道德建设的客观需要，也是激励大学生锤炼优良道德品质的必然要求。,A,正确,错误,,,0
495,中国革命道德，是指（）在中国革命、建设、改革中所形成的优秀道德。,ABCD,中国共产党人,人民军队,一切先进分子,人民群众,0
496,中国革命道德是马克思主义与中国革命、建设、改革的伟大实践相结合的产物，是中华民族极其宝贵的道德财富。,A,正确,错误,,,0
497,中国革命道德萌芽于（）。,D,土地革命时期,抗日战争时期,解放战争时期,五四运动前后,0
498,中国革命道德作为一种精神力量对中国的革命、建设、改革事业发挥着极其重要的作用。,A,正确,错误,,,0
499,下列选项中，体现为实现社会主义和共产主义理想而奋斗的是（）。,BD,金钱至上、诚信缺失,“砍头不要紧，只要主义真。杀了夏明翰，还有后来人”,损害群众利益，腐蚀人们灵魂,“敌人只能砍下我们的头颅，决不能动摇我们的信仰”,0
500,坚持社会主义和共产主义理想信念是革命道德的灵魂。,A,正确,错误,,,0
501,中国革命道德从一开始就特别强调要（），并认为这是对一切革命人士和先进分子的要求。,ABC,为群众服务,为大众谋幸福,为人民利益献身,为个人谋福利,0
502,一个国家或民族的道德进步，只要在文明交流中坚守自身优秀道德传统就可以了。,B,正确,错误,,,0
503,道德是某个民族或国家在特定历史条件下，为回应来自自然环境、社会生活和人际关系的各种矛盾而形成发展起来的。,A,正确,错误,,,0
504,道德反映了具体民族或国家的生存方式和生活态度。,A,正确,错误,,,0
505,每一个民族或国家都有自己优良的道德传统，都对促进道德的发展作出过不同程度的贡献。,A,正确,错误,,,0
506,借鉴和吸收人类文明优秀道德成果，必须秉承正确的态度和科学的方法。,A,正确,错误,,,0
507,中华优秀传统文化中很多思想理念和道德规范，至今仍具有重要价值。,A,正确,错误,,,0
508,共产党人和革命者从事革命活动的目的就是要为革命利益而奋斗，当个人利益与革命利益发生矛盾时，以下做法不正确的是（）。,D,以革命利益为第一生命,以个人利益服从革命利益,必要时应当牺牲自己的利益,首先保障个人利益,0
509,加强个人道德修养是影响革命成败的大事，因而践履中国革命道德的重要环节就是共产党人（）。,AB,修身自律,保持节操,贪污腐败,损公肥私,0
510,弘扬社会主义道德，推进新时代公民道德建设，必须坚持（），充分吸收借鉴各种优秀道德成果。,B,资本主义道德观,马克思主义道德观,东亚传统道德观,西方传统道德观,0
511,（）与社会公德密切相关，需要道德规范来约束和协调。,A,公共生活,情感困境,私人生活,恋爱关系,0
512,在公共生活中，一个人的行为必定与他人发生直接或间接的联系，具有鲜明的（），对社会的影响更为直接和广泛。,BC,封闭性,开放性,透明性,孤立性,0
513,公共生活的特征包括（）。,ABCD,活动范围的广泛性,活动内容的开放性,交往对象的复杂性,活动方式的多样性,0
514,私人生活以家庭内部活动和个人活动为主要领域，私人空间里人们的行为是相对独立的，因而具有一定的（）。,BC,开放性,封闭性,隐秘性,透明性,0
515,当代社会的发展使人们的生活方式发生了新的变化，人们可以根据自身的需要及（）等因素，选择和变换参与公共生活的具体方式。,ABCD,年龄,兴趣,职业,经济条件,0
516,社会公德是指人们在社会交往和公共生活中应该遵守的（）。,D,法律准则,职业要求,家庭美德,行为准则,0
517,社会公德是维护公共利益、公共秩序、社会和谐稳定的起码的道德要求，涵盖了（）之间的关系。,BCD,人与自身,人与人,人与社会,人与自然,0
518,每一个社会成员，都应遵守以（）、遵纪守法为主要内容的社会公德。,ABCD,文明礼貌,助人为乐,爱护公物,保护环境,0
519,“赠人玫瑰，手留余香”属于社会公德主要内容中（）的要求。,B,遵纪守法,助人为乐,爱护公物,保护环境,0
520,在社会公德要求中，（）是调整和规范人际关系的行为准则。,B,爱护公物,文明礼貌,保护环境,遵纪守法,0
521,保护环境要求（），像对待生命一样对待生态环境，为建设美丽中国作出自己应有的贡献。,ABC,尊重自然,顺应自然,保护自然,征服自然,0
522,大学生要文明上网，尊德守法、文明互动、理性表达，远离不良网站，防止沉迷网络，自觉维护良好网络秩序。,A,正确,错误,,,0
523,大学生要文明上网，自觉维护良好网络秩序。以下做法不正确的是（）。,D,进行健康网络交往,自觉避免沉迷网络,加强网络道德自律,享受网络绝对自由,0
524,大学生要树立自我保护意识，开展健康有益的交往活动，重视个人信息安全，避免给自己的人身和财产安全带来危害。,A,正确,错误,,,0
525,大学生应当在网络生活中培养自律精神，在缺少外在监督的网络空间里，做到自律而“不逾矩”，促进网络生活的健康与和谐。,A,正确,错误,,,0
526,良好的网络环境需要网民的共同努力，纷繁复杂的网络言论如果得不到正确引导，势必会引发各种社会问题。,A,正确,错误,,,0
527,不论时代发生多大变化，生活格局发生多大变化，都要重视家庭建设，注重家庭、家教、家风。,A,正确,错误,,,0
528,家庭的前途命运同国家和民族的前途命运紧密相连。,A,正确,错误,,,0
529,只有实现中华民族伟大复兴的中国梦，家庭梦才能梦想成真。,A,正确,错误,,,0
530,良好的家风，对家庭成员的个人修养产生着重要的作用，也对整个社会道德风尚的形成产生着重要的影响。,A,正确,错误,,,0
531,“积善之家，必有余庆；积不善之家，必有余殃”，以下各项中，属于良好家风的有（）。,ABCD,诸葛亮诫子格言,颜氏家训,朱子家训,岳母刺字,0
532,爱情是一对男女基于（），在各自内心形成的相互倾慕并渴望对方成为自己终身伴侣的一种强烈、纯真、专一的感情。,AB,一定的社会基础,共同的生活理想,相同的学历水平,完全平等的物质条件,0
533,个人品德在社会道德建设中具有基础性作用。,A,正确,错误,,,0
534,个人品德是个体对某种道德要求认同和践履的结果。,A,正确,错误,,,0
535,（）是通过社会道德教育和个人自觉的道德修养所形成的稳定的心理状态和行为习惯。,B,社会公德,个人品德,职业道德,家庭美德,0
536,道德是人类社会生产实践和交往实践的产物，在不同的民族、不同的文化、不同的社会发展阶段，其基本要求具有显著差异。这说明道德具有（）的特征。,ABC,历史性,民族性,时代性,永恒性,0
537,道德修养作为人类道德实践活动的重要形式之一，是指个体自觉地将一定社会的道德规范、准则及要求内化为内在的道德品质，以促进人格的自我陶冶、自我培育和自我完善的实践过程。,A,正确,错误,,,0
538,道德模范固然可敬可爱，但不可学，因为他们太高大。,B,正确,错误,,,0
539,道德模范都是从自我做起，从身边事做起，从小事做起，以此实现了由现实自我向理想自我的飞跃。,A,正确,错误,,,0
540,志愿服务是指志愿贡献个人的时间及精力，在不求任何物质报酬的情况下，为改善社会、促进社会进步而提供的服务。,A,正确,错误,,,0
541,志愿服务精神的精髓是指（）。,A,奉献,友爱,互助,进步,0
542,良好的社会风尚是人们在社会道德实践中逐渐形成的。,A,正确,错误,,,0
543,新时代的大学生作为实现民族伟大复兴重任的中坚力量，其道德状态和精神风貌在很大程度上影响着整个社会的道德状态和精神风貌。,A,正确,错误,,,0
544,加强道德修养，提升个人品德，应借鉴历史上思想家们所提出的学思并重、（）等各种积极有效的方法，并结合当今社会发展的需要身体力行，不断提高自己的道德素质和精神境界。,ABCD,省察克治,慎独自律,知行合一,积善成德,0
545,志愿服务是培育和弘扬社会主义核心价值观的重要载体。,A,正确,错误,,,0
546,社会文明状况是社会风尚的重要体现。各种创建文明城市、文明村镇、文明单位、文明家庭、文明校园的活动，就是要在全社会推动形成知荣辱、讲正气、作奉献、促和谐的社会风尚。,A,正确,错误,,,0
547,大学生要以高度的主人翁精神，积极参与各种文明培育、文明实践、文明创建活动，努力做到（），不断引领社会风尚，提升道德境界。,ABC,为家庭谋幸福,为他人送温暖,为社会作贡献,一心只图个人利益,0
548,从本质上说，网络交往仍然是人与人的现实交往，网络生活也是人的真实生活。,A,正确,错误,,,0
549,（）是人们参与社会分工，用专业的技能和知识创造物质财富或精神财富，获取合理报酬，丰富社会物质生活或精神生活的生活方式。,B,个人生活,职业生活,公共生活,家庭生活,0
550,正确的劳动观念是维系人们职业活动和职业生活的思想观念保障。,A,正确,错误,,,0
551,大学生要自觉践行爱国奉献、（）等个人品德要求，形成善良的道德意愿、道德情感，培育正确的道德判断和道德责任。,ABCD,明礼遵规,勤劳善良,宽厚正直,自强自律,0
552,我国社会主义法律是党的主张和人民意志的共同体现，是维护人民利益和公民权利的有力武器，是（）的活动规则和行为准绳。,ACD,国家机关,他国人民,社会组织,全体公民,0
553,法律由国家制定和认可，由（）保证实施。,B,公民自觉,国家强制力,宗族会议,行业约束,0
554,法律具有国家强制性，这表现为（）。,CD,国家对公民行为的引导,国家道德规范的倡议,国家对合法行为的肯定和保护,国家对违法行为的否定和制裁,0
555,调整人们行为的社会规范有多种，除了法律规范，还有（）。,AD,道德规范,文化修养,认知水平,纪律规范,0
556,社会物质生活条件是指与人类生存相关的（）。,ABD,物质资料生产方式,自然地理环境,观念习俗,人口因素,0
557,物质资料生产方式包括（）。,AC,生产力,自然地理环境,生产关系,人口,0
558,生产力的发展水平制约着法律的发展程度。,A,正确,错误,,,0
559,法律是（）意志的体现。,C,生产者,消费者,统治阶级,被统治阶级,0
560,统治阶级的成员不需要遵守法律。,B,正确,错误,,,0
561,法律所体现的意志，就是最高统治者个人的意志。,B,正确,错误,,,0
562,统治阶级的意志体现在（）中。,ABCD,法律,国家政策,统治阶级的道德,最高统治者的言论,0
563,法律是随着（）的产生而产生的。,ABC,私有制,国家,阶级,社会,0
564,法律作为上层建筑的重要组成部分，它的基本内容和性质总是与所在社会的（）相适应的。,B,人口数量,生产关系,自然地理环境,人口结构,0
565,建立在私有制经济基础之上的剥削阶级类型法律有（）。,ABC,奴隶制法律,封建制法律,资本主义法律,社会主义法律,0
566,（）是人类历史上以公有制为基础的新型法律。,D,奴隶制法律,封建制法律,资本主义法律,社会主义法律,0
567,资本主义法律的根本任务是维护资产阶级的政治、经济和社会秩序。,A,正确,错误,,,0
568,资本主义法律的基本特征主要体现为（）。,ABCD,与资本主义私有制相适应的私有财产神圣不可侵犯原则,与资本主义市场经济相适应的契约自由原则,与资本主义民主政治相适应的法律面前人人平等原则,与资产阶级人道主义相适应的人权保障原则,0
569,社会主义法律有着与以往剥削阶级类型法律制度不同的经济基础与阶级本质。,A,正确,错误,,,0
570,我国社会主义法律，是在中国共产党领导（）时期孕育、在中华人民共和国成立后不断形成和发展起来的。,B,旧民主主义革命,新民主主义革命,社会主义革命,改革开放,0
571,中国特色社会主义法律体系以（）为统帅。,C,民法,商法,宪法,刑法,0
572,我国社会主义法律体现了（）的统一。,AC,党的主张,集体的主张,人民意志,社会主流观念,0
573,我国是中国共产党领导下的社会主义国家，人民是国家的主人，制定法律的权力属于（）。,D,法院,党员,检察院,人民,0
574,中国特色社会主义事业的领导核心是中国共产党。,A,正确,错误,,,0
575,下列各项中，（）属于我国社会主义法律最本质特征的具体表现。,ABD,党领导人民制定宪法法律,党领导人民实施宪法法律,党可以不受宪法和法律的约束,党自身必须在宪法法律范围内活动,0
576,我国社会主义法律反映的不是少数人的特殊利益，而是全体人民的共同利益。,A,正确,错误,,,0
577,我国社会主义法律的具体内容会随着经济社会的发展而调整变化，所以它与历史发展的基本方向和规律并不一致。,B,正确,错误,,,0
578,我国法律适应时代发展要求，对（）进行改革创新，使立法的质量和水平不断提高。,BCD,国体政体,立法体制,立法程序,立法技术,0
579,我国法律保证人民享有广泛的民主权利和自由。,A,正确,错误,,,0
580,我国法律遵循（）的理念，推动绿色发展，践行绿水青山就是金山银山的理念，推动绿色发展，推进环境污染防治，促进人与自然和谐共生。,ABD,尊重自然,顺应自然,过度开发自然,保护自然,0
581,法律的运行主要包括（）环节。,ABCD,法律制定,法律执行,法律适用,法律遵守,0
582,法律制定是国家对社会利益和负担进行的权威性分配。,A,正确,错误,,,0
583,下列各项中，（）是把法律规范转化为法律实践。,BCD,法律的制定,法律的执行,法律的适用,法律的遵守,0
584,法律制定是指有（）的国家机关，依照法定职权和程序制定规范性法律文件的活动。,A,立法权,司法权,行政权,监察权,0
585,根据宪法规定，（）负责修改宪法、制定基本法律。,A,全国人民代表大会,全国人民代表大会常务委员会,国务院,国家监察委员会,0
586,（）有权根据宪法和法律制定行政法规。,B,省、自治区、直辖市的人民代表大会及其常务委员会,国务院,国家监察委员会,中央军事委员会,0
587,（）有权根据宪法和法律制定监察法规。,C,省、自治区、直辖市的人民代表大会及其常务委员会,国务院,国家监察委员会,中央军事委员会,0
588,（）有权根据宪法和法律制定军事法规。,D,省、自治区、直辖市的人民代表大会及其常务委员会,国务院,国家监察委员会,中央军事委员会,0
589,全国人民代表大会的立法程序大体包括（）环节。,ABCD,法律案的提出,法律案的审议,法律案的表决,法律的公布,0
590,法律适用是指国家司法机关及其公职人员依照（）处理案件的专门活动。,BD,个人对法律的理解,法定职权,社会舆论导向,程序适用法律,0
591,在我国，司法机关是指国家审判机关和检察机关，（）依照法律规定独立行使审判权，不受行政机关、社会团体和个人的干涉。,C,公安局,人民检察院,人民法院,监狱,0
592,在我国，司法机关是指国家审判机关和检察机关，（）依照法律规定独立行使检察权，不受行政机关、社会团体和个人的干涉。,B,公安局,人民检察院,人民法院,监狱,0
593,司法的基本要求是（）。,ABCD,正确,合法,合理,及时,0
594,司法原则主要有（）。,ABCD,司法公正,公民在法律面前一律平等,以事实为依据，以法律为准绳,司法机关依法独立公正行使司法权,0
595,党的领导和依法治国不是对立的，而是统一的。,A,正确,错误,,,0
596,党的本质是政治组织，而法的本质是行为规则，两者不存在谁比谁大的问题。,A,正确,错误,,,0
597,“党大还是法大”是个伪命题，所以具体到每个党政组织、每个领导干部，就不必服从和遵守宪法法律。,B,正确,错误,,,0
598,推进全面依法治国，根本目的是（）。,C,让中华文明走向世界,促进经济高质量发展,依法保障人民权益,让生态更加美丽,0
599,在我国，人民当家作主的制度体系包括（）。,ABCD,人民代表大会制度,中国共产党领导的多党合作和政治协商制度,民族区域自治制度,基层群众自治制度,0
600,我国宪法规定了，国家保护妇女的权利和利益，实行男女同工同酬，培养和选拔妇女干部。,A,正确,错误,,,0
601,坚持依法治国和以德治国相结合，就要（）。,ABC,强化道德对法治的支撑作用,重视发挥道德的教化作用,把道德要求贯彻到法治建设中,让法治解决所有道德问题,0
602,任何组织和个人不得将英雄烈士的姓名、肖像用于或者变相用于商标、商业广告，损害英雄烈士的名誉、荣誉。,A,正确,错误,,,0
603,建设法治中国，必须从我国实际出发，同（）相适应。,AB,完善和发展中国特色社会主义制度,推进国家治理体系和治理能力现代化,舆论热议,少数人的立场,0
604,完备的法律规范体系是中国特色社会主义法治体系的前提，是法治国家、法治政府、法治社会的制度基础。,A,正确,错误,,,0
605,建设高效的法治实施体系是建设中国特色社会主义法治体系的重点。,A,正确,错误,,,0
606,完善法治实施体系的重点内容包括（）。,ABCD,健全宪法实施制度，树立宪法权威,完善行政组织和行政程序法律制度,深化司法体制综合配套改革,着力培育公民和社会组织自觉守法的意识和责任感,0
607,严密的法治监督体系，是指以规范和约束（）为重点建立的有效的法治化权力监督网络。,B,私权力,公权力,暴力机构,劳教机构,0
608,完善法治监督体系的重点内容包括（）。,ABCD,健全宪法实施和监督制度,强化对行政权力的制约和监督,加强对司法活动的监督,形成对法治运行全过程全方位的监督,0
609,有力的法治保障体系是全面依法治国的重要依托。,A,正确,错误,,,0
610,建设完善的党内法规体系是中国特色社会主义法治体系的本质要求和重要内容。,A,正确,错误,,,0
611,法律是治国之重器，立法是法治的龙头环节，要把（）原则贯穿立法全过程。,ABD,公正,公平,激进,公开,0
612,科学立法还要增强法律法规的（）。,ABCD,及时性,系统性,针对性,有效性,0
613,严格执法的内涵包括（）。,ABCD,依法全面履行政府职能,坚持法定职责必须为、法无授权不可为,健全依法决策机制,完善执法程序,0
614,深化行政执法体制改革，坚持严格规范公正文明执法，要推行（）制度。,BCD,行政裁量随机确定,行政执法公示,执法全过程记录,重大执法决定法制审核,0
615,加强对司法活动的监督，就包括要规范媒体对案件的报道，防止舆论影响司法公正。,A,正确,错误,,,0
616,全民守法，要引导全体人民做社会主义法治的（），使法治成为社会共识和基本原则。,BCD,知法犯法者,忠实崇尚者,自觉遵守者,坚定捍卫者,0
617,党的领导是中国特色社会主义法治之魂，是我们的法治同西方资本主义国家的法治最大的区别。,A,正确,错误,,,0
618,法治意味着不管什么人，不管涉及谁，只要违反法律就要依法追究责任。,A,正确,错误,,,0
619,公正司法是维护社会公平正义的最后一道防线。,A,正确,错误,,,0
620,保障人民群众参与司法，完善人民陪审员制度，要构建（）的阳光司法机制。,ABCD,开放,动态,透明,便民,0
621,因违法违纪被开除公职的司法人员、吊销执业证书的律师和公证员，可以继续从事法律职业。,B,正确,错误,,,0
622,法治权威能不能树立起来，首先要看宪法有没有权威。,A,正确,错误,,,0
623,我国宪法确认了党领导人民长期奋斗取得的辉煌成果，规定了人民民主专政国家政权的性质和根本制度。,A,正确,错误,,,0
624,宪法是党的（）、重要政策在国家法制上的最高体现。,ABCD,指导思想,中心工作,基本原则,重大方针,0
625,（）是我国宪法的重要组成部分，是我国宪法最重要的特征之一，也是我国宪法与其他许多国家宪法的重大区别。,A,宪法序言,宪法第一章,宪法第四章,宪法结语,0
626,宪法序言与宪法总纲、宪法具体条文有很大的区别，所以宪法序言没有法律效力。,B,正确,错误,,,0
627,我国现行宪法颁布以来，在坚持中国共产党领导，（）等方面发挥了有力的推动作用。,ABCD,保障人民当家作主,促进改革开放和社会主义现代化建设,推动社会主义法治国家建设进程,维护国家统一、民族团结、社会稳定,0
628,我国现行宪法是我们国家和人民经受住各种困难和风险考验、始终沿着中国特色社会主义道路前进的根本法制保障。,A,正确,错误,,,0
629,（）在中国特色社会主义法律体系中居于核心地位。,A,宪法,民法,商法,刑法,0
630,我国宪法具有最高的法律地位、法律权威、法律效力，具有（）。,ABCD,根本性,全局性,稳定性,长期性,0
631,地方性法规的制定必须以宪法为依据，其他的法律法规则不用。,B,正确,错误,,,0
632,我们讲依宪治国、依宪执政，不是要否定和放弃党的领导，而是强调党领导人民制定宪法和法律，党领导人民执行宪法和法律，党自身必须在宪法和法律的范围内活动。,A,正确,错误,,,0
633,我国宪法规定公民享有人身权、财产权、社会保障权、受教育权等权利和（）游行、示威等自由。,ABCD,言论,出版,集会,结社,0
634,由于国家机关和国家工作人员侵犯公民权利而受到损失的人，没有索取赔偿的权利。,B,正确,错误,,,0
635,世界上没有放之四海而皆准的人权发展道路和保障模式，人权事业发展必须按照国际社会的主流意见加以推进。,B,正确,错误,,,0
636,国家立法权、行政权、监察权、审判权和检察权极为特殊，它们可以不受宪法和法律的约束。,B,正确,错误,,,0
637,民主集中制是我国国家组织形式和活动方式的基本原则，也是集中全党全国人民集体智慧，实现（）的基本原则和主要途径。,CD,快速随意决策,以少数个案做标准的决策,科学决策,民主决策,0
638,国家（）都由人民代表大会产生，对它负责，受它监督。,ABCD,行政机关,监察机关,审判机关,检察机关,0
639,宪法的生命在于实施，宪法的权威也在于实施。,A,正确,错误,,,0
640,（）必须以宪法为根本活动准则，并且负有维护宪法尊严、保证宪法实施的职责。,ABCD,全国各族人民,一切国家机关和武装力量,各政党和各社会团体,各企业事业组织,0
641,加强宪法实施，包括（）。,ACD,坚持依宪执政,不必过多宣传，违法必究即可,坚持依法立法,坚持严格执法,0
642,在新的历史条件下，推进全面依法治国、加强宪法实施，对宪法监督提出了新的更高要求，具体包括（）。,ABCD,健全人大工作机制,健全宪法解释机制,健全备案审查机制,健全合宪性审查机制,0
643,（）根据宪法规定行使宪法解释权，依照宪法精神对宪法规定的内容、含义和界限作出解释。,B,全国人大,全国人大常委会,中央办公厅,中央书记处,0
644,要建立健全（）间备案审查衔接联动机制，加强备案审查制度和能力建设，实行有件必备、有备必审、有错必纠。,ABCD,党委,人大,政府,军队,0
645,全体公民要自觉地（）、运用宪法，大力弘扬宪法精神，不断增强宪法意识，把宪法作为判断大是大非的准绳，同一切破坏宪法权威、践踏宪法尊严的行为作斗争。,ABCD,尊崇宪法,学习宪法,遵守宪法,维护宪法,0
646,宪法是实现国家认同、凝聚社会共识、促进个人发展的基本准则，是维系一个国家、一个民族凝聚力的根本纽带。,A,正确,错误,,,0
647,（）是人民当家作主的根本保证，是中国特色社会主义最本质的特征，是中国特色社会主义制度最大优势。,B,依法治国,党的领导,公平正义,依宪治国,0
648,任何组织或者个人都不得有超越宪法法律的特权。,A,正确,错误,,,0
649,尊法学法守法用法，增强法治意识，提高法治素养，必须养成良好的法治思维和行为方式。,A,正确,错误,,,0
650,法治思维以法治价值和法治精神为指导，蕴含着（）等法治理念，是一种正当性思维。,ABCD,公正,平等,民主,人权,0
651,法治思维是一种融法律的价值属性和工具理性于一体的特殊的高级法律意识。,A,正确,错误,,,0
652,法治思维是基于对法律的尊崇和对法治的信念判断是非、权衡利弊、解决问题的思维方式。,A,正确,错误,,,0
653,对公民而言，法治思维就是当自己的理想目标、（）等与法律的价值、规则或要求发生冲突时，能够服从法律，作出符合法律的选择，按照法律的指引实施自己的行为。,ABCD,思想感情,行为方式,权利诉求,利益关系,0
654,法治思维的主要内容除了法律至上之外，还包括（）等内容。,ABCD,权力制约,公平正义,权利保障,程序正当,0
655,法律至上是指在国家或社会的所有规范中，法律是（）的规范。,ABC,地位最高,效力最广,强制力最大,调整范围最广,0
656,（）具有最高的法律效力，是其他一切法律的依据。,A,宪法,道德规范,行业规范,宗教规范,0
657,法律至上的具体表现不包括（）。,C,法律的普遍适用,法律的优先适用,情理大于法理,法律的不可违抗,0
658,（）是指法律在本国主权范围内对所有人具有普遍的约束力。,B,法律的至上性,法律的普遍适用,法律的不可违抗,法律的制约性,0
659,法律的普遍适用要求所有（）都必须遵守法律，依法享有和行使法定职权与权利，承担和履行法定职责与义务。,ABC,国家机关,社会组织,公民个人,海外华人,0
660,（）是指当同一项社会关系同时受到多种社会规范的调整而多种社会规范又相互矛盾时，要优先考虑法律规范的适用。,C,法律的普遍适用,法律的不可违抗,法律的优先适用,法律的科学性,0
661,“法律必须遵守，违反法律要受到惩罚”体现了法律的（）。,D,优先适用,普遍适用,人人平等,不可违抗,0
662,任何人不论权力大小、职位高低，只要有违法犯罪行为，就要受到法律制裁，这说明，法律具有（）。,D,普遍适用性,至上性,制约性,不可违抗性,0
663,权力制约是指国家机关的权力必须受到法律的规制和约束。,A,正确,错误,,,0
664,在我国，国家权力是人民的，即一切权力为民所有；国家权力是为人民服务的，即一切权力为民所用。,A,正确,错误,,,0
665,只有依法对权力的配置和运行进行有效制约和监督，才能防止权力私用、权力滥用和权力腐败。,A,正确,错误,,,0
666,权力制约包括（）等要求。,ABCD,权利由法定,有权必有责,用权受监督,违法受追究,0
667,权力由法定，即法无授权不可为，是指国家机关的职权必须来自法律明确的授予。,A,正确,错误,,,0
668,国家机关必须严格依照法律规定的权限行使职权，不得行使法律未授予的权力。,A,正确,错误,,,0
669,有权必有责，是指国家机关在获得权力的同时必须承担相应的职责和责任。,A,正确,错误,,,0
670,当发生了属于其职权范围内的事项时，国家机关必须履行相应的管理职责。,A,正确,错误,,,0
671,用权受监督，是指国家权力的运行和行使必须接受各种形式的监督，让人民监督权力，让权力在阳光下运行。,A,正确,错误,,,0
672,违法受追究，是指国家工作人员违法行使权力必须受到法律的追究和制裁。,A,正确,错误,,,0
673,养成权力制约思维，要求自觉运用权力、勇于监督权力，同时自觉监督宪法、法律的实施。,A,正确,错误,,,0
674,公平正义是指社会的政治利益、经济利益和其他利益在全体社会成员之间合理、公平分配和占有。,A,正确,错误,,,0
675,一般来讲，公平正义主要包括（）。,ABCD,权利公平,机会公平,规则公平,救济公平,0
676,权利公平指的是（）。,ABC,权利主体平等，国家对每个权利主体“不偏袒”“非歧视”,享有的权利特别是基本权利平等,权利保护和权利救济平等,人人都可直接参与国家决策,0
677,机会公平是指生活在同一社会中的成员拥有相同的发展机会和发展前景，反对任何形式的歧视。机会公平包括（）。,ABC,国家和社会要积极为社会成员的发展创造条件，并努力创造平等的起点,社会成员的发展进步权要受到同等尊重，不断拓展社会成员的发展领域,不仅要关注当代人的机会平等，还要考虑后代人的机会平等,必须尽快实现按需分配,0
678,规则公平是指对所有人适用同一规则和标准，不得因人而异。,A,正确,错误,,,0
679,规则公平包括（），任何人不得享有法律之外的特权，任何人也不会被法律排除在保护之外。,ABC,法律规则面前人人平等,法律内容面前人人平等,法律保护面前人人平等,人人都可直接参与制定法律,0
680,救济公平是指为权利受到侵害或处于弱势地位的公民提供平等有效的救济。,A,正确,错误,,,0
681,救济公平包括（）。,ABC,司法救济公平,行政救济公平,社会救济公平,财产救济公平,0
682,政府对需要救济的社会成员提供的救济服务要一律平等，不得区别对待，指的是救济公平中的（）。,B,司法救济公平,行政救济公平,社会救济公平,财产救济公平,0
683,（）指的是社会对需要救济的社会成员提供的社会救济服务要一律平等，不得厚此薄彼。,C,司法救济公平,行政救济公平,社会救济公平,财产救济公平,0
684,司法救济公平指的是司法要公正对待每一个当事人，致力于实现司法公正。,A,正确,错误,,,0
685,养成公平正义思维，要求增强实现公平正义的责任感，为促进全社会的公平正义而奋斗。,A,正确,错误,,,0
686,权利保障主要是指对公民权利的法律保障，具体包括公民权利的（）。,ABCD,宪法保障,立法保障,行政保障,司法保障,0
687,行政机关是否能够有效地保护公民权利，直接反映出一个国家的权利保障状况。,A,正确,错误,,,0
688,做一件事情，往往需要按照一定的程序，只有按照程序做，才能防止主观任性、无序混乱，这体现出的法治思维是（）。,A,程序正当,法律至上,权力制约,权利保障,0
689,只有严格按照法律程序办事办案，处理结果才可能公正并具有公信力和权威性。,A,正确,错误,,,0
690,程序的正当，表现在程序的合法性、（）等方面。,ABCD,中立性,参与性,公开性,时限性,0
691,权利和义务的内容、种类是不同的，其中被法律规定或认可的，称为法律权利和法律义务。,A,正确,错误,,,0
692,法律权利是指由一定的社会物质生活条件所制约的行为自由，是法律所允许的权利人为了满足自己的利益而采取的、由其他人的法律义务所保障的法律手段。,A,正确,错误,,,0
693,权利的产生、发展和实现，都必须以一定的社会经济条件为基础。,A,正确,错误,,,0
694,（）权利观与其他权利观的根本区别是强调社会的物质生活条件对权利的制约和决定作用。,B,资本主义,马克思主义,功利主义,实用主义,0
695,不能脱离一个国家或地区的经济社会发展阶段和水平空谈权利及其实现。,A,正确,错误,,,0
696,同样一种权利，在不同的社会制度下和不同的国家法律中表现形式有所不同。,A,正确,错误,,,0
697,资本主义法律规定私有财产神圣不可侵犯，而社会主义法律首先规定公共财产神圣不可侵犯，同时规定公民合法的私有财产不受侵犯。,A,正确,错误,,,0
698,（），这是法律权利区别于其他权利的根本所在。,A,由国家强制力保障其实现,由社会舆论保障其实现,由道德强制力保障其实现,由宗教强制力保障其实现,0
699,国家机关行使权力不得任性，公民个人行使法律权利也不得任性。,A,正确,错误,,,0
700,法律义务具有法定的（），违反法律义务必须承担法律责任。,B,局限性,强制性,随意性,参与性,0
701,法律义务是指由一定的社会物质生活条件所制约的社会责任，是保证法律所规定的义务人按照权利人要求从事一定行为或不从事一定行为以满足权利人利益的法律手段，其特点包括（）。,ABCD,法律义务是历史的,法律义务源于现实需要,法律义务必须依法设定,法律义务可能发生变化,0
702,一个国家或地区的（）和安全形势等因素，会对法律义务的设定产生重要影响。,ABCD,制度性质,历史传统,文化背景,宗教信仰,0
703,在法治国家，不存在只享受权利的主体，也不存在只承担义务的主体。,A,正确,错误,,,0
704,在法律权利与法律义务相一致的情况下，一个人无论是行使权利还是履行义务，实际上都是对自己有利的。,A,正确,错误,,,0
705,依法行使法律权利，是体现权利正当性和保障权利实现的充分必要条件。,A,正确,错误,,,0
706,（），是公民参与国家政治活动的权利和自由的统称。,A,政治权利,财产权利,社会经济权利,宗教信仰自由,0
707,公民的政治权利构成了实现人民主权原则及各种具体民主制度不可或缺的前提条件，反过来又体现了人民主权原则及各种具体民主制度的必然要求。,A,正确,错误,,,0
708,政治权利的行使主要表现为公民参与国家、社会组织与管理的活动，主要包括（）。,ABCD,选举权,表达权,民主管理权,监督权,0
709,表达权对于一个国家的政治、（）的发展具有基础性作用。,ABCD,经济,文化,科技,道德,0
710,民主管理权指的是公民根据宪法法律规定，管理（）的权利。,ABC,国家事务,经济和文化事业,社会事务,国际事务,0
711,（），是指公民的人身不受非法侵犯的权利。它是公民参加国家政治、经济与社会生活的基础，是公民权利的重要内容。,B,政治权利,人身权利,财产权利,社会经济权利,0
712,人身权利主要包括（）、通信自由权。,ABCD,生命健康权,人身自由权,人格尊严权,住宅安全权,0
713,（）是人最基本、最原始的权利，具有神圣性与不可转让性，不可非法剥夺，享有该权利是人享有其他各项权利的前提。,B,劳动权,生命权,财产权,监督权,0
714,人格尊严权的基本内容有姓名权、（）等。,ABCD,肖像权,名誉权,荣誉权,隐私权,0
715,住宅安全权即公民居住、生活、休息的场所不受非法侵入或搜查的权利，这里的“住宅”只包括固定居住的住宅，不包括临时性的住所。,B,正确,错误,,,0
716,通信自由权，是指公民通过（）及其他通信手段，根据自己的意愿进行通信，不受他人干涉的权利。,ABCD,书信,电报,传真,电话,0
717,财产权利，是指公民、法人或其他组织通过劳动或其他合法方式取得财产和（）财产的权利。,ABCD,占有,使用,收益,处分,0
718,财产权主要包括私有财产权和继承权，是公民在社会生活中获得自由与实现经济利益的必要途径。,A,正确,错误,,,0
719,我国宪法规定，“公民的合法的私有财产不受侵犯。”,A,正确,错误,,,0
720,公民在其财产权受到侵犯时，有权要求侵权行为人停止侵害、（），或依法向人民法院提起诉讼。,ABCD,返还财产,排除妨害,恢复原状,赔偿损失,0
721,在我国，继承人有的是法律明确规定的，有的是被继承人通过订立合法有效的遗嘱指定的。,A,正确,错误,,,0
722,社会经济权利，是指公民要求国家根据社会经济的发展状况，积极采取措施干预社会经济生活，加强社会建设，提供社会服务，以促进公民的自由和幸福，保障公民过上健康而有尊严的生活的权利。,A,正确,错误,,,0
723,社会经济权利保障公民过上健康而有尊严的生活，主要包括（）。,ABCD,劳动权,休息权,社会保障权,物质帮助权,0
724,劳动权是公民赖以生存的基础，是行使其他权利的物质保障，包括平等就业和选择职业的权利、（）等。,ABCD,取得劳动报酬的权利,休息休假的权利,获得劳动安全卫生的权利,提请劳动争议处理的权利,0
725,休息权，是指劳动者在付出一定的劳动以后所享有的休息和休养的权利，是劳动权存在和发展的基础。,A,正确,错误,,,0
726,休息权和劳动权是密切联系的，休息权是提高劳动效率、保障劳动者的生活和身体健康所必需的。,A,正确,错误,,,0
727,公民在法定条件下可从国家和社会获得物质帮助的权利称为（），如国家发展为公民享受这些权利所需要的社会保险、社会救济和医疗卫生事业等。,D,劳动权,休息权,社会保障权,物质帮助权,0
728,我国宪法规定，宗教团体和宗教事务不受外国势力的支配。,A,正确,错误,,,0
729,文化教育权利，是公民按照宪法的规定在文化和教育领域享有的权利，主要包括教育方面的权利和文化活动方面的权利。,A,正确,错误,,,0
730,受教育权是公民在教育领域享有的基本权利，是公民接受文化、科学等方面训练的权利。,A,正确,错误,,,0
731,文化活动方面的权利主要表现为公民的文化权利，主要包括（）。,ABC,科学研究的自由,文学艺术创作的自由,进行其他文化活动的自由,宣传邪教思想的自由,0
732,文化权利有个人的文化权利和集体的文化权利之分。,A,正确,错误,,,0
733,公民在行使法律权利时，不仅要在形式上符合相关法律的规定，也要符合立法意图和精神，不得违反宪法法律确定的基本原则，保障权利行使的正当性。,A,正确,错误,,,0
734,行使权利不得破坏公序良俗，妨碍法律的社会功能和法律价值的实现。,A,正确,错误,,,0
735,赋予公民言论自由权的目的在于保障思想自由，不能将该权利作为打击不同意见、钳制思想自由的手段。,A,正确,错误,,,0
736,法律权利的行使必须伴随着法律义务的履行，但法律义务更需要由法律加以规定。,A,正确,错误,,,0
737,维护国家主权和领土完整是包括台湾同胞在内的全中国人民的共同义务。,A,正确,错误,,,0
738,我国宪法规定了公民遵守宪法和法律的义务，还规定了若干具体义务，主要包括（）、尊重社会公德等。,ABCD,保守国家秘密,爱护公共财产,遵守劳动纪律,遵守公共秩序,0
739,公共财产是指全民所有财产和劳动群众集体所有财产。,A,正确,错误,,,0
740,每位公民必须维护公共秩序，并同一切违反公共秩序的行为作斗争。公共秩序包括（）等。,BCD,家庭秩序,生产秩序,社会秩序,教学科研秩序,0
741,国家安全是指国家的领土完整和主权不受侵犯，国家政权不受威胁。,A,正确,错误,,,0
742,我国实行义务兵与志愿兵相结合、民兵与预备役相结合的兵役制度。,A,正确,错误,,,0
743,我国公民都有义务依法服兵役。,A,正确,错误,,,0
744,根据《中华人民共和国兵役法》，普通高等学校毕业生的征集年龄可以放宽到（）周岁。,D,18,20,22,24,0
745,大学生要（），不断提升自己的法治素养。,ABC,尊重法律权威,学习法律知识,养成守法习惯,直接参与法律制定,0
746,学法是为了更好地用法，把对法治的尊崇、对法律的敬畏转化成思维方式和行为方式，做到在法治之下，而不是法治之外，更不是法治之上想问题、作决策、办事情。,A,正确,错误,,,0
747,大学生除了要运用法律维护自身权利外，还要通过法律维护社会公共利益，对违法犯罪行为要（）。,AB,敢于揭露,勇于抵制,袖手旁观,明哲保身,0
